species,species name in ENSEMBL,Kingdom,Phylum,Min intron length,Max intron length,Mean intron length,Intron length SD,Median intron length,Number of transcripts,Number of transcripts containing introns,Mean number of introns per transcript,Mean intron ratio,Mean total intron length per transcript,Mean total exon length per transcript,Genome size
aphanomyces_invadans,aphanomyces_invadans,Fungi,Oomycota,21,13621,68.74,175.21,53,15248,10500,3.23,0.17,322.2,1444.49,71402472
aspergillus_clavatus,aspergillus_clavatus,Fungi,Ascomycota,8,2397,78.45,74.9,63,9121,7398,2.07,0.16,199.76,1483.6,27859441
aspergillus_flavus,aspergillus_flavus,Fungi,Ascomycota,8,8254,106.93,232.89,61,13485,10521,1.81,0.24,248.2,1265.39,36892344
aspergillus_fumigatus,aspergillus_fumigatus,Fungi,Ascomycota,2,3092,79.63,92.31,60,9623,7560,1.93,0.15,195.97,1479.22,29384958
aspergillus_nidulans,aspergillus_nidulans,Fungi,Ascomycota,1,1628,87.69,81.11,60,10534,9110,2.32,0.25,235.44,1454.05,29828291
aspergillus_niger,aspergillus_niger,Fungi,Ascomycota,1,2702,97.44,86.49,68,13872,12077,2.57,0.31,288.09,1316.9,33975768
aspergillus_oryzae,aspergillus_oryzae,Fungi,Ascomycota,1,2753,118.79,223.52,62,12074,9355,1.93,0.22,296.53,1349.37,37912014
aspergillus_terreus,aspergillus_terreus,Fungi,Ascomycota,14,1884,81.75,68.13,58,10401,8864,2.18,0.16,209.34,1501.36,29364022
beauveria_bassiana,beauveria_bassiana,Fungi,Ascomycota,9,1796,78.67,66.32,62,10095,7434,1.61,0.13,172.44,1519.31,35021612
blumeria_graminis,blumeria_graminis,Fungi,Ascomycota,4,10264,73.51,247.36,52,7118,5672,1.75,0.14,161.88,1491.26,124489486
botrytis_cinerea,botrytis_cinerea,Fungi,Ascomycota,16,2620,80.08,72.77,58,11707,9258,1.94,0.15,196.06,1546.48,42630066
candida_albicans,candida_albicans,Fungi,Ascomycota,19,1337,193.43,234.13,86,6212,366,0.07,0.02,218.27,1453.35,14323179
candida_parapsilosis,candida_parapsilosis,Fungi,Ascomycota,48,2916,161.57,256.77,69,5837,359,0.07,0.02,177.32,1509.73,13030174
candida_tropicalis,candida_tropicalis,Fungi,Ascomycota,60,784,199.26,178.06,90,6254,34,0.01,0,199.26,1455.16,14630139
colletotrichum_gloeosporioides,colletotrichum_gloeosporioides,Fungi,Ascomycota,21,2924,80.36,102.96,58,15381,12173,2,0.13,202.92,1418.25,55607143
colletotrichum_graminicola,colletotrichum_graminicola,Fungi,Ascomycota,10,2183,84.17,74.5,63,12020,8993,1.74,0.15,196.09,1397.49,51644307
colletotrichum_higginsianum,colletotrichum_higginsianum,Fungi,Ascomycota,15,2565,86.72,78.53,67,16141,11030,1.44,0.16,183.34,1095.27,49084868
colletotrichum_orbiculare,colletotrichum_orbiculare,Fungi,Ascomycota,24,2776,99.16,119.72,62,13346,10629,2.02,0.25,251.74,1416.6,90086138
cryptococcus_neoformans,cryptococcus_neoformans,Fungi,Basidiomycota,1,2101,61.74,35.46,55,6632,6442,5.4,0.27,343.31,1631.11,19051922
dothistroma_septosporum,dothistroma_septosporum,Fungi,Ascomycota,11,16692,92.42,238.65,56,12400,7189,1.11,0.11,176.65,1336.84,30209431
fusarium_culmorum,fusarium_culmorum,Fungi,Ascomycota,1,17991,126.32,304.77,55,12465,9798,1.98,0.22,318.79,1473.19,41928875
fusarium_fujikuroi,fusarium_fujikuroi,Fungi,Ascomycota,1,9500,69.27,128.88,53,14815,11081,1.81,0.12,167.34,1457.8,43847810
fusarium_graminearum,fusarium_graminearum,Fungi,Ascomycota,10,1748,75.15,70.57,54,14145,10634,1.75,0.16,175.02,1357.28,38047942
fusarium_oxysporum,fusarium_oxysporum,Fungi,Ascomycota,4,2370,101.23,102.21,58,17696,13103,1.66,0.19,227.17,1234.9,61470697
fusarium_pseudograminearum,fusarium_pseudograminearum,Fungi,Ascomycota,25,2053,80.82,93.02,54,12448,9482,1.86,0.2,197.63,1457.81,36932859
fusarium_solani,fusarium_solani,Fungi,Ascomycota,11,8864,81.71,136.97,55,15705,12537,2.07,0.14,211.81,1444.62,51291997
fusarium_verticillioides,fusarium_verticillioides,Fungi,Ascomycota,22,989,96.17,96.73,57,14166,10591,1.71,0.18,220.49,1279.84,41885085
globisporangium_ultimum,globisporangium_ultimum,Fungi,Oomycota,4,9888,114.76,172.52,85,15290,9278,1.61,0.23,304.23,1300.83,44913582
histoplasma_capsulatum,histoplasma_capsulatum,Fungi,Ascomycota,4,21973,139.04,221.08,92,11221,9852,2.34,0.54,371.12,1154.7,39270953
komagataella_pastoris,komagataella_pastoris,Fungi,Ascomycota,10,903,99.33,95.81,63,5040,539,0.11,0.02,106.52,1431.27,9216378
leptosphaeria_maculans,leptosphaeria_maculans,Fungi,Ascomycota,40,5775,103.05,103.73,63,12469,9453,1.82,0.27,247.81,1258.3,45124619
neurospora_crassa,neurospora_crassa,Fungi,Ascomycota,21,1884,111.81,111.88,74,9758,7583,1.6,0.21,230.68,1594.31,41102378
puccinia_triticina,puccinia_triticina,Fungi,Basidiomycota,15,3818,109.82,105.7,82,11638,9079,3.27,0.31,460.94,1200.66,162948716
pyrenophora_teres,pyrenophora_teres,Fungi,Ascomycota,21,5050,89.62,169.37,54,11799,8623,1.5,0.13,184.45,1390.46,33583335
pyricularia_oryzae,pyricularia_oryzae,Fungi,Ascomycota,40,2987,126.1,132.14,87,14349,9207,1.28,0.23,251.03,1199.24,41858488
saccharomyces_cerevisiae,saccharomyces_cerevisiae,Fungi,Ascomycota,1,2483,354.08,471.74,152,6600,283,0.05,0.02,391.61,1327.58,12157105
schizosaccharomyces_cryophilus,schizosaccharomyces_cryophilus,Fungi,Ascomycota,21,768,74.82,57.5,54,5155,2861,1.1,0.1,147.67,1517.84,11554764
schizosaccharomyces_japonicus,schizosaccharomyces_japonicus,Fungi,Ascomycota,20,2448,77.08,65.64,56,4878,2465,1.06,0.09,162.34,1553.37,11733154
schizosaccharomyces_octosporus,schizosaccharomyces_octosporus,Fungi,Ascomycota,24,796,73.75,55.58,54,4986,2490,1.07,0.1,158.46,1540.73,11634473
schizosaccharomyces_pombe,schizosaccharomyces_pombe,Fungi,Ascomycota,1,2526,82.77,82.16,55.5,5145,2392,0.99,0.1,175.38,1584.7,12631379
sclerotinia_sclerotiorum,sclerotinia_sclerotiorum,Fungi,Ascomycota,24,1494,137.68,128.18,77,10175,7904,1.8,0.44,318.53,1100.27,27274596
sporisorium_reilianum,sporisorium_reilianum,Fungi,Basidiomycota,1,2252,135.81,172.84,87,6673,1938,0.46,0.09,215.7,1790.19,18476874
trichoderma_reesei,trichoderma_reesei,Fungi,Ascomycota,12,22092,115.26,249.88,75,9113,7445,2.03,0.25,286.82,1483.09,33395713
trichoderma_virens,trichoderma_virens,Fungi,Ascomycota,10,9208,103.27,196.02,67,12400,9587,1.91,0.18,255.11,1425.1,39022666
tuber_melanosporum,tuber_melanosporum,Fungi,Ascomycota,9,31660,107.5,604.47,63,7496,6125,2.87,0.59,377.79,1342.08,124945702
ustilago_maydis,ustilago_maydis,Fungi,Basidiomycota,14,2181,144.5,152.95,100,6765,1846,0.44,0.1,230.53,1773.12,19664356
verticillium_dahliae,verticillium_dahliae,Fungi,Ascomycota,17,1081,99.77,101.14,64,10535,8311,1.8,0.17,227.48,1426.68,33900324
yarrowia_lipolytica,yarrowia_lipolytica,Fungi,Ascomycota,2,1551,274.35,236.88,205,6448,948,0.17,0.07,310.53,1463.84,20502981
zymoseptoria_tritici,zymoseptoria_tritici,Fungi,Ascomycota,11,42135,135.1,450.09,62,10931,7629,1.58,0.2,306.58,1312.37,39686251
acanthaster_planci,acanthaster_planci_gca001949145v1,Animalia,Echinodermata,1,133120,1348.86,3376.42,612,16481,15083,8.62,6.9,12703.15,1913.3,383860178
acropora_millepora,acropora_millepora_gca013753865v1,Animalia,Cnidaria,1,98790,972.08,2341.66,563,30136,21563,5.55,3.47,7536.93,1642.79,475381253
actinia_tenebrosa,actinia_tenebrosa_gca009602425v1,Animalia,Cnidaria,1,70079,703.94,1214.97,451,19980,16526,7.01,3.26,5968.84,1674.15,238200427
acyrthosiphon_pisum,acyrthosiphon_pisum,Animalia,Arthropoda,1,513556,1596.62,8513.17,133,18277,15394,5,5.99,9479.11,1366.51,541137574
adineta_vaga,adineta_vaga,Animalia,Rotifera,16,48626,99.26,286.77,57,49300,43014,4.13,0.46,470.05,1154.52,217933793
aedes_aegypti,aedes_aegypti_lvpagwg,Animalia,Arthropoda,1,596801,9410.49,30804.76,197,14718,12989,3.24,17.65,34588.2,1648.93,1278732104
aedes_albopictus,aedes_albopictus,Animalia,Arthropoda,11,49921,3086.92,6067.78,97,17535,13172,2.32,5.73,9527.21,1460.83,1923476627
agrilus_planipennis,agrilus_planipennis_gca000699045v2,Animalia,Arthropoda,1,492165,2097.01,10627.78,118,13371,12111,4.75,7.45,10999.14,1573.8,353072773
amphibalanus_amphitrite,amphibalanus_amphitrite_gca019059575v1,Animalia,Arthropoda,1,112608,2073.52,5400.38,463,27370,23227,5.68,8.01,13866.73,1767.39,807619925
amphimedon_queenslandica,amphimedon_queenslandica,Animalia,Porifera,1,82312,327.05,1386.78,69,43615,29025,3.91,1.18,1923.63,1020.24,166679601
anneissia_japonica,anneissia_japonica_gca011630105v1,Animalia,Echinodermata,1,91858,1394.18,2688.03,639,21084,18146,6.8,6.57,11011.88,1608.89,589628371
anopheles_arabiensis,anopheles_arabiensis,Animalia,Arthropoda,1,179976,1128.32,4329.7,89,13271,11607,3.06,2.27,3948.69,1659.9,246567867
anopheles_atroparvus,anopheles_atroparvus_gca914969975,Animalia,Arthropoda,21,386078,1740.13,7537.06,95,12610,10685,2.98,3.41,6115.78,1687.74,277763289
anopheles_darlingi,anopheles_darlingi,Animalia,Arthropoda,1,73686,627.9,1728.51,88,10556,9642,3.56,1.48,2446.43,1733.86,136950925
anopheles_dirus,anopheles_dirus,Animalia,Arthropoda,3,153254,656.6,2330.14,90,12924,11366,3.13,1.71,2335.25,1653.2,216307690
anopheles_farauti,anopheles_farauti,Animalia,Arthropoda,1,77205,984.13,2257.85,105,12932,11895,3.24,3.06,3469.07,1632.87,183103254
anopheles_gambiae,anopheles_gambiae,Animalia,Arthropoda,1,249417,1458.79,6012.06,88,13094,11414,3.13,2.67,5234.71,1720.39,281378673
anopheles_melas,anopheles_melas,Animalia,Arthropoda,2,55639,662.05,1520.28,97,15367,13105,2.46,1.84,1913.57,1382.28,224162116
anoplophora_glabripennis,anoplophora_glabripennis,Animalia,Arthropoda,1,526741,3214.57,12636.04,272,14828,13222,4.59,10.55,16544.51,1530.05,706968555
aphidius_gifuensis,aphidius_gifuensis_gca014905175v1,Animalia,Arthropoda,1,485479,863.87,4949.94,88,12683,11738,4.02,2.13,3753.48,1694.13,156964627
apis_dorsata,apis_dorsata_gca000469605v1rs,Animalia,Arthropoda,1,474862,1552.66,9518.21,121,10049,9535,6.03,6.61,9861.96,1749.26,230340171
apis_florea,apis_florea_gca000184785v2rs,Animalia,Arthropoda,1,451053,1446.91,9102.64,109,10417,9853,5.95,5.93,9101.89,1713.38,229015090
apis_mellifera,apis_mellifera,Animalia,Arthropoda,1,596047,1699.46,11075.3,117,9935,9419,6.08,6.31,10897.21,1838.91,225250884
aplysia_californica,aplysia_californica_gca000002075v2,Animalia,Mollusca,1,193558,2328.18,5541.29,1128,19405,17128,6.91,12.74,18220.48,1613.78,927310431
ascaris_suum,ascaris_suum,Animalia,Nematoda,8,246001,1240.88,2827.99,742,16778,14197,6.37,6.8,9338.75,1259.96,298028455
asterias_rubens,asterias_rubens_gca902459465v3,Animalia,Echinodermata,4,364265,1750.77,5391.25,778,14064,13488,9.04,9.69,16497.2,1917.92,417601740
athalia_rosae,athalia_rosae_gca000344095v2,Animalia,Arthropoda,1,207256,913.59,5061.27,101,10943,10264,5.83,3.29,5679.32,1807.03,155841210
atta_cephalotes,atta_cephalotes,Animalia,Arthropoda,1,228098,1716.36,6848.29,222,10491,9924,5.75,6.67,10441.51,1714.46,317690795
bactrocera_dorsalis,bactrocera_dorsalis_gca000789215v2,Animalia,Arthropoda,1,377850,2393.7,11312.9,80,12721,10985,3.64,5.27,10100.63,1702.73,414984608
bactrocera_latifrons,bactrocera_latifrons_gca001853355v1,Animalia,Arthropoda,1,492137,2510.19,11622.71,85,12759,11171,3.8,5.54,10905.65,1739.65,462505359
bactrocera_tryoni,bactrocera_tryoni_gca016617805v2,Animalia,Arthropoda,1,552148,2846.5,14042.78,84,14221,12300,3.64,6.19,11965.23,1674.49,570658800
belgica_antarctica,belgica_antarctica,Animalia,Arthropoda,4,19460,349.33,776.49,71,13510,12139,3.29,1.48,1278.69,1387.7,89583723
bemisia_tabaci,bemisia_tabaci_asiaii5,Animalia,Arthropoda,1,199775,3233.01,10915.15,1001,12289,11491,5.79,14.45,20002.4,1432.05,616120436
biomphalaria_glabrata,biomphalaria_glabrata,Animalia,Mollusca,24,963053,1449.3,4188.31,745,25550,22438,5.91,7.42,9746.73,1316.59,916391120
bombus_impatiens,bombus_impatiens,Animalia,Arthropoda,1,562223,1705.17,10585.59,116,10632,9960,5.81,6.15,10583.33,1764.99,246856484
bombus_terrestris,bombus_terrestris,Animalia,Arthropoda,30,564389,1775.15,11328.69,114,10581,9905,5.74,6.31,10886.73,1750.47,248654244
bombyx_mandarina,bombyx_mandarina_gca003987935v1rs,Animalia,Arthropoda,1,498919,2129.57,9817.41,733,12794,11300,6.27,8.76,15112.76,1596.01,398589171
bombyx_mori,bombyx_mori,Animalia,Arthropoda,1,520361,2281.11,9765.85,742,13881,12108,6.18,8.84,16157.29,1675.52,460349900
branchiostoma_lanceolatum,branchiostoma_lanceolatum,Animalia,Chordata,20,236933,1001.17,2947.88,481,35955,27808,3.98,4.09,5157.95,1071.68,495353434
caenorhabditis_brenneri,caenorhabditis_brenneri,Animalia,Nematoda,3,32133,257.38,659,54,30704,29049,4.19,1.04,1140.75,1196.7,190369721
caenorhabditis_briggsae,caenorhabditis_briggsae,Animalia,Nematoda,1,69618,318.47,902,52,20821,20158,4.81,1.31,1582.33,1204.13,108384165
caenorhabditis_elegans,caenorhabditis_elegans,Animalia,Nematoda,1,100912,315.2,788.37,63,19985,19280,5.08,1.3,1660.83,1229.4,100286401
caenorhabditis_japonica,caenorhabditis_japonica,Animalia,Nematoda,1,28426,512.62,945.76,76,29935,21577,2.59,1.36,1841.94,865.36,166256191
caenorhabditis_remanei,caenorhabditis_remanei,Animalia,Nematoda,1,29124,247.26,587.25,52,31438,28631,4.01,0.91,1087.79,1203.6,145442736
camponotus_floridanus,camponotus_floridanus_gca003227725v1rs,Animalia,Arthropoda,1,464384,1471,8623.99,193,12512,11470,5.59,5.04,8977.74,1740.37,284009182
capitella_teleta,capitella_teleta,Animalia,Annelida,11,46074,361.92,1037.98,61,32175,25109,4.33,1.65,2007.08,1070.25,333283208
centruroides_sculpturatus,centruroides_sculpturatus_gca000671375v2,Animalia,Arthropoda,1,267839,2826.61,6357.7,605,24591,20595,5.61,12.44,18923.66,1358.93,925474958
ceratitis_capitata,ceratitis_capitata_gca000347755v4,Animalia,Arthropoda,1,369402,2628.72,11430.46,92,12563,11006,3.87,5.73,11608.78,1795.1,436490799
cimex_lectularius,cimex_lectularius,Animalia,Arthropoda,1,590239,2498.66,13736.35,78,11949,10766,7.07,13,19600.27,1610.03,510848842
clytia_hemisphaerica,clytia_hemisphaerica_gca902728285,Animalia,Cnidaria,21,180850,1133.49,2906.27,473,19132,15685,6.3,4.67,8709.48,1670.56,420978673
crassostrea_gigas,crassostrea_gigas,Animalia,Mollusca,41,395230,954.82,2450.09,363,30418,28657,7.16,5.34,7252.48,1497.33,647905321
crassostrea_virginica,crassostrea_virginica_gca002022765v4,Animalia,Mollusca,1,404748,1004.38,3410.88,366,34608,30669,7.32,5.07,8298.45,1652.85,684741128
culex_quinquefasciatus,culex_quinquefasciatus,Animalia,Arthropoda,1,95576,1580.53,3670.92,107,18965,17059,2.74,4.34,4813.12,1317.29,579057705
culicoides_sonorensis,culicoides_sonorensis,Animalia,Arthropoda,9,123915,701.09,2640.91,67,15612,14498,3.54,2.12,2670.5,1614.17,194177243
danaus_plexippus,danaus_plexippus,Animalia,Arthropoda,1,814263,1024.54,5427.47,275,13105,11835,6.4,4.5,7260.59,1585.64,248676414
daphnia_magna,daphnia_magna_gca020631705v2,Animalia,Arthropoda,1,73326,263.02,1281.14,72,16891,15552,5.63,0.89,1606.97,1619.86,161467056
daphnia_pulex,daphnia_pulex,Animalia,Arthropoda,1,48487,283.85,1044.93,75,30590,25362,3.65,1.35,1248.78,986.27,197206209
dendroctonus_ponderosae,dendroctonus_ponderosae_gca000355655v1,Animalia,Arthropoda,1,493374,1143.43,5565.07,66,13021,12052,5.79,4.66,7152.5,1523.8,252847629
dendronephthya_gigantea,dendronephthya_gigantea_gca004324835v1,Animalia,Cnidaria,1,246060,472.66,1584.67,213,22045,18653,7.03,2.18,3926.58,1696.73,286150628
dermacentor_silvarum,dermacentor_silvarum_gca013339745v1,Animalia,Arthropoda,1,595075,4880.52,13488.13,1954.5,21428,18245,5.87,21.36,33631.02,1421.96,2474308340
dermatophagoides_pteronyssinus,dermatophagoides_pteronyssinus_gca001901225v2,Animalia,Arthropoda,1,78917,468.03,2017.83,71,11184,9121,2.59,0.85,1488.31,1662.45,70778228
diabrotica_virgifera,diabrotica_virgifera_gca003013835v2,Animalia,Arthropoda,1,599099,10341.64,26179.97,4035,20592,17616,3.51,31.38,42417.38,1250.23,2418073815
diuraphis_noxia,diuraphis_noxia_gca001186385v1,Animalia,Arthropoda,1,291921,1458.4,5930.55,125,12390,10960,5.6,6.56,9229.57,1432.16,395073589
drosophila_ananassae,drosophila_ananassae,Animalia,Arthropoda,30,160719,1156.67,5790.58,65,14365,11679,2.94,2.15,4184.98,1597.98,230993012
drosophila_erecta,drosophila_erecta,Animalia,Arthropoda,30,188202,898.61,4144.44,69,13605,11035,3.02,1.58,3344.51,1623.66,152712140
drosophila_grimshawi,drosophila_grimshawi,Animalia,Arthropoda,30,156329,936.24,4050.3,78,13705,11419,3.13,1.68,3513.91,1635.31,200467819
drosophila_melanogaster,drosophila_melanogaster,Animalia,Arthropoda,23,257022,975.24,5171.15,69,13986,11063,2.95,1.4,3640.21,1637.82,143726002
drosophila_mojavensis,drosophila_mojavensis,Animalia,Arthropoda,30,195040,1160.73,5301.04,72,13425,11165,3.13,2.3,4364.82,1629.75,193826310
drosophila_persimilis,drosophila_persimilis,Animalia,Arthropoda,1,160788,948.26,4431.32,70,16874,12794,2.47,2.25,3085.23,1284.79,188374079
drosophila_pseudoobscura,drosophila_pseudoobscura,Animalia,Arthropoda,30,174425,900.1,4296.75,69,14574,11962,2.88,1.9,3163.46,1582.51,152696384
drosophila_sechellia,drosophila_sechellia,Animalia,Arthropoda,1,173070,799.04,3564.9,71,16465,12413,2.52,1.82,2674.1,1306.1,166577145
drosophila_simulans,drosophila_simulans,Animalia,Arthropoda,30,144234,838.38,3921.3,68,14179,11462,2.99,1.6,3104.1,1597.29,124963774
drosophila_virilis,drosophila_virilis,Animalia,Arthropoda,30,180607,1187.52,5238.05,71,13620,11232,3.1,2.42,4469.47,1639.08,206026697
drosophila_willistoni,drosophila_willistoni,Animalia,Arthropoda,30,169666,1071.08,4825.92,71,13783,11261,3,2.29,3933.14,1579.92,235516348
drosophila_yakuba,drosophila_yakuba,Animalia,Arthropoda,30,171593,948.74,4630.58,69,14824,12044,2.9,1.8,3387.62,1567.08,165693946
dufourea_novaeangliae,dufourea_novaeangliae_gca001272555v1rs,Animalia,Arthropoda,1,507895,1566.84,7962.35,123,9844,9244,5.95,5.73,9923.26,1790.12,279505983
echinococcus_granulosus,echinococcus_granulosus_gca000524195v1rs,Animalia,Platyhelminthes,12,27921,722.03,1068.25,318,11319,10356,5.65,3.47,4458.32,1401.86,110837706
eufriesea_mexicana,eufriesea_mexicana_gca001483705v1rs,Animalia,Arthropoda,1,571719,1834.71,10660.53,108,10297,9661,5.92,7.43,11577.4,1775.29,596278454
eurytemora_affinis,eurytemora_affinis_gca000591075v2,Animalia,Arthropoda,1,99441,941.58,1500.45,578,20716,19762,8.85,7.06,8733.66,1416,389032277
folsomia_candida,folsomia_candida,Animalia,Arthropoda,20,70151,337.59,1016.16,88,28732,26646,4.96,1.25,1805.42,1490.17,221702752
gigantopelta_aegis,gigantopelta_aegis_gca016097555v1,Animalia,Mollusca,1,451910,2827.96,7013.92,1284,22556,19349,7.12,13.9,23466.68,1631.43,1149605642
glossina_palpalis,glossina_palpalis,Animalia,Arthropoda,4,119494,1008.97,1834.31,178,20162,18337,3.2,5.05,3552.88,1228.32,380104241
habropoda_laboriosa,habropoda_laboriosa_gca001263275v1rs,Animalia,Arthropoda,1,463203,1638.47,8868.64,105,10069,9442,5.98,6.29,10443.57,1790.79,296954667
haemaphysalis_longicornis,haemaphysalis_longicornis_gca013339765v1,Animalia,Arthropoda,21,54858,2753.02,3628.84,1556,27144,12930,2.02,5.42,11702.14,891.87,2554970390
haliotis_rufescens,haliotis_rufescens_gca023055435v1rs,Animalia,Mollusca,1,412186,2437.01,7156.38,971,31171,27123,6.86,10.82,19207.2,1698.82,1334454214
harpegnathos_saltator,harpegnathos_saltator_gca003227715v2rs,Animalia,Arthropoda,1,541812,1853.88,11140.65,185,12642,11603,5.3,6.59,10697.32,1669.77,334161684
heliconius_melpomene,heliconius_melpomene,Animalia,Arthropoda,1,188384,963.37,2187.56,422,12669,11504,5.59,5.13,5929.28,1372.54,273786188
helobdella_robusta,helobdella_robusta,Animalia,Annelida,10,48563,528.71,1235.51,258,23432,20514,4.98,2.69,3007.77,1128.35,235376169
hermetia_illucens,hermetia_illucens_gca905115235v1,Animalia,Arthropoda,1,577055,6249.75,22938.79,95,14004,12479,4.23,16.02,29673.67,1647.9,1004948288
hofstenia_miamia,hofstenia_miamia,Animalia,Xenacoelomorpha,37,273493,3301.56,7018.74,1014,22454,16220,3.95,12.5,18051.49,1194.76,949842658
homarus_americanus,homarus_americanus_gca018991925v1,Animalia,Arthropoda,1,154565,3201.66,7867.79,888,22368,19360,5.55,13.17,20526.36,1526.64,2292076018
hyalella_azteca,hyalella_azteca_gca000764305v2,Animalia,Arthropoda,1,98918,1375.78,3839.86,563,18608,15727,5.54,5.39,9013.12,1605.27,550885727
hyalomma_asiaticum,hyalomma_asiaticum_gca013339685v1,Animalia,Arthropoda,21,81134,3524.9,5346.83,1668,29644,20459,2.73,11.01,13930.77,960.06,1713631380
hydra_vulgaris,hydra_vulgaris_gca000004095v1,Animalia,Cnidaria,1,71219,2597.16,4095.87,657,20055,16018,5.01,11.17,16293.49,1277,852170992
hypsibius_exemplaris,hypsibius_exemplaris_gca002082055v1,Animalia,Tardigrada,39,15566,342.56,498.52,193,19939,17340,4.93,1.33,1943.11,1266.91,104154999
ixodes_persulcatus,ixodes_persulcatus_gca013358835v1,Animalia,Arthropoda,21,95877,3510.34,5513.43,1624,26883,21002,3.7,13.6,16647.11,1078.95,1901640799
lepeophtheirus_salmonis,lepeophtheirus_salmonis,Animalia,Arthropoda,4,192410,2228.69,7946.12,92,13081,11790,3.16,7.92,7804.37,1352.64,695449161
leptinotarsa_decemlineata,leptinotarsa_decemlineata_gca000500325v2,Animalia,Arthropoda,1,511101,3097.13,8209.81,1243,14000,12293,4.06,10.48,14336.55,1401.05,641992784
leptotrombidium_deliense,leptotrombidium_deliense,Animalia,Arthropoda,10,9794,150.72,405.87,54,14667,9812,1.84,0.31,414.61,1032.24,117319359
limulus_polyphemus,limulus_polyphemus_gca000517525v1,Animalia,Arthropoda,1,390502,3954.74,7981.27,1900,22873,20681,6.89,20.22,30132.22,1537.18,1828271756
linepithema_humile,linepithema_humile_gca000217595v1rs,Animalia,Arthropoda,1,445295,1378.86,8007.93,163,11610,10809,5.77,5.1,8538.47,1759.82,219500750
lingula_anatina,lingula_anatina,Animalia,Brachiopoda,62,55699,784.78,1524.73,372,34105,29696,6.6,4.21,5952.87,1425.16,425494968
lottia_gigantea,lottia_gigantea,Animalia,Mollusca,11,49980,778.12,1938.5,367,23340,18229,5.01,3.63,4990.46,1154.52,359505668
lucilia_cuprina,lucilia_cuprina,Animalia,Arthropoda,10,242181,2229.57,8353.37,122,14452,12473,3.54,6.48,9136.56,1557.44,434128924
lytechinus_variegatus,lytechinus_variegatus_gca018143015v1,Animalia,Echinodermata,1,120297,1938.99,3287.12,925,22667,19927,7.73,9.67,17050.34,1855.76,869598128
mayetiola_destructor,mayetiola_destructor,Animalia,Arthropoda,1,15348,328.66,870.19,88,19927,15424,3.28,1.22,1394.5,1139.32,185827756
megachile_rotundata,megachile_rotundata_gca000220905v1rs,Animalia,Arthropoda,1,569083,1814.41,10720.02,99,10788,10053,5.72,6.85,11144.22,1768.98,272660569
mercenaria_mercenaria,mercenaria_mercenaria_gca014805675v2,Animalia,Mollusca,1,492011,2792.23,7401.48,1009,37083,30934,5.92,11.36,19803.96,1587.64,1777634794
mizuhopecten_yessoensis,mizuhopecten_yessoensis_gca002113885v2,Animalia,Mollusca,1,310181,2056.79,5728.48,793,24532,21381,7.11,9.6,16777.28,1705.13,987588634
mnemiopsis_leidyi,mnemiopsis_leidyi,Animalia,Ctenophora,1,58415,885.93,1830.33,276,16058,11055,4.51,3.04,5810.12,1385.96,155875873
monomorium_pharaonis,monomorium_pharaonis_gca013373865v2,Animalia,Arthropoda,1,422777,2009.61,9989.74,224,14019,12477,5.04,6.7,11369.44,1702.74,325506644
musca_domestica,musca_domestica,Animalia,Arthropoda,1,411434,3079.74,11586.07,86,14402,12289,3.2,6.46,11540.58,1629.37,750403944
nasonia_vitripennis,nasonia_vitripennis,Animalia,Arthropoda,1,278130,1899.63,10169.35,88,13602,12237,5.13,6.19,10826.36,1676.62,297309692
nematostella_vectensis,nematostella_vectensis,Animalia,Cnidaria,11,48615,797.5,1447.38,437,24773,17519,4.32,3.21,4866.4,1014.07,356613585
octopus_bimaculoides,octopus_bimaculoides,Animalia,Mollusca,1,86956,2993.43,5027.72,1454,33609,18429,3.14,9.26,17154.74,986.02,2338188782
onthophagus_taurus,onthophagus_taurus_gca000648695v2,Animalia,Arthropoda,1,277245,1720.69,7233.5,61,14537,12727,3.55,3.91,6983.34,1545.64,267079363
ooceraea_biroi,ooceraea_biroi_gca003672135v1,Animalia,Arthropoda,1,571653,1378.9,8483.26,158,11927,10773,5.57,4.62,8497.93,1765.09,223876465
orbicella_faveolata,orbicella_faveolata_gca002042975v1,Animalia,Cnidaria,1,97774,1153.24,2714.78,567,25929,21127,5.58,5,7899.62,1531.43,485548939
orchesella_cincta,orchesella_cincta,Animalia,Arthropoda,10,53939,239.55,905.86,89,20247,19371,4.62,1.04,1157.1,1278.89,286766519
orussus_abietinus,orussus_abietinus_gca000612105v2,Animalia,Arthropoda,1,542143,1131.22,6495.55,115,10045,9481,5.88,4.22,7048.73,1803.21,186398216
owenia_fusiformis,owenia_fusiformis_gca903813345v1,Animalia,Annelida,9,98587,1487.76,3341.29,477,31277,20528,5.07,5.34,11488.15,1436.63,518843022
parasteatoda_tepidariorum,parasteatoda_tepidariorum_gca000365465v3,Animalia,Arthropoda,1,564728,3461.17,10334.9,1764,19750,15933,6.27,15.63,26911.64,1542.9,1228972128
pediculus_humanus,pediculus_humanus,Animalia,Arthropoda,2,52922,295.46,1097.88,93,10785,10413,5.42,1.25,1660.13,1545.33,110804242
penaeus_chinensis,penaeus_chinensis_gca019202785v2rs,Animalia,Arthropoda,1,1022573,2626.93,12662.02,520,20076,18459,6.16,11.92,17603.12,1568.83,1466079641
penaeus_japonicus,penaeus_japonicus_gca017312705v1,Animalia,Arthropoda,1,485511,2696.67,10372.83,522,22301,20558,6.04,12.11,17680.75,1547.42,1705010925
penaeus_monodon,penaeus_monodon_gca015228065v1,Animalia,Arthropoda,1,118768,2308.66,7202.96,478,24092,21817,5.35,10.61,13641.6,1337.42,2394347767
penaeus_vannamei,penaeus_vannamei_gca003789085v1,Animalia,Arthropoda,1,99788,1752.33,4982.27,453,24987,22618,5.17,8.11,10009.34,1324.92,1663581301
phlebotomus_papatasi,phlebotomus_papatasi,Animalia,Arthropoda,4,155686,1264.16,2272.9,145,11391,9858,2.03,3.05,2970.1,1109.54,363767980
pocillopora_damicornis,pocillopora_damicornis_gca003704095v1,Animalia,Cnidaria,1,70811,653.49,1117.41,464,19935,16480,6.94,3.05,5489.06,1654.59,234350878
pogonomyrmex_barbatus,pogonomyrmex_barbatus_gca000187915v1rs,Animalia,Arthropoda,1,415557,1330.4,7204.07,173,11348,10624,5.53,5.4,7855.31,1652.45,235645958
pollicipes_pollicipes,pollicipes_pollicipes_gca011947565v2,Animalia,Arthropoda,1,206450,1873.17,4792.36,634,20444,18879,6.26,10.02,12703.73,1340.75,770089732
pomacea_canaliculata,pomacea_canaliculata_gca003073045v1,Animalia,Mollusca,1,439511,1045.98,3872.73,437,21144,20019,8.16,5.51,9014.2,1675.75,440159624
portunus_trituberculatus,portunus_trituberculatus_gca017591435v1,Animalia,Arthropoda,1,599249,3528.68,15467.47,612.5,17292,15672,6.71,15.3,26125.99,1712.26,1005062047
priapulus_caudatus,priapulus_caudatus_gca000485595v2,Animalia,Priapulida,1,99904,1594.09,4149.1,494,15101,13482,6.4,8.79,11418.51,1360.97,511738253
pristionchus_pacificus,pristionchus_pacificus,Animalia,Nematoda,1,49679,271.24,556.12,113,26342,25705,11.49,2.54,3194.73,1324.45,158500396
procambarus_clarkii,procambarus_clarkii_gca020424385v2,Animalia,Arthropoda,1,599628,5187.3,16242.63,1472,26417,20796,4.75,16.59,31321.57,1562.61,2735361232
rhagoletis_pomonella,rhagoletis_pomonella_gca013731165v1,Animalia,Arthropoda,1,584407,4665.35,21370.93,91,21904,17546,2.85,9.31,16620.15,1476.96,1223288327
rhipicephalus_microplus,rhipicephalus_microplus_gca013339725v1,Animalia,Arthropoda,1,579278,5661.03,14547.5,1790,18598,15780,6.02,25.01,40164.99,1437.77,2529930304
rhipicephalus_sanguineus,rhipicephalus_sanguineus_gca013339695v1,Animalia,Arthropoda,1,636530,4948.83,14649.95,1690,23522,20150,5.65,21.99,32638.67,1396.54,2365540030
rhodnius_prolixus,rhodnius_prolixus,Animalia,Arthropoda,1,441812,1360.44,5005.3,509,15059,12660,4.88,8.2,7896.55,1082.31,706824083
rhopalosiphum_maidis,rhopalosiphum_maidis_gca003676215v3,Animalia,Arthropoda,1,426985,1396.1,6975.81,131,12060,10917,6.54,6.25,10093.91,1613.82,326023155
saccoglossus_kowalevskii,saccoglossus_kowalevskii_gca000003605v1,Animalia,Hemichordata,1,114216,1660.7,4105.85,658,20935,18030,6.55,7.97,12631.21,1491.58,775840395
schistosoma_haematobium,schistosoma_haematobium_gca000699445v2rs,Animalia,Platyhelminthes,10,86753,2249.54,3328.6,1446,8934,7998,6.97,8.31,17513.97,1954.31,371394055
sipha_flava,sipha_flava_gca003268045v1,Animalia,Arthropoda,1,477319,1626.56,8367.98,121,13575,11619,5.56,6.48,10559.7,1462.87,353179758
solenopsis_invicta,solenopsis_invicta,Animalia,Arthropoda,1,521277,2117.46,10799.39,231,14790,13132,5,6.94,11935.48,1687.33,378101515
stegodyphus_dumicola,stegodyphus_dumicola_gca010614865v2rs,Animalia,Arthropoda,1,488266,7065.85,14423.56,3846,20729,16172,5.45,32.02,49320.72,1362.41,2551176228
stegodyphus_mimosarum,stegodyphus_mimosarum,Animalia,Arthropoda,51,266652,6429.43,9662.29,3854,27135,20434,3.33,30.65,28411.69,854.63,2738704917
stomoxys_calcitrans,stomoxys_calcitrans,Animalia,Arthropoda,3,538768,5182.99,18564.15,113,14078,12004,3.27,10.56,19873.61,1686.18,971188624
strigamia_maritima,strigamia_maritima,Animalia,Arthropoda,2,39058,328.97,1005.62,69,14992,13540,6.99,2.15,2546.07,1469.78,176210797
strongylocentrotus_purpuratus,strongylocentrotus_purpuratus,Animalia,Echinodermata,1,131280,1568.63,2853.03,794,27447,24579,7.2,7.48,12607.27,1766.59,921855793
strongyloides_ratti,strongyloides_ratti,Animalia,Nematoda,3,10290,189.08,531.85,52,12464,10153,1.71,0.26,396.92,1407.95,43166851
stylophora_pistillata,stylophora_pistillata_gca002571385v1,Animalia,Cnidaria,1,93462,902.77,1848.03,511,24846,20084,6.19,3.86,6911.84,1597.86,400120318
teleopsis_dalmanni,teleopsis_dalmanni,Animalia,Arthropoda,1,637272,1735.43,10757.13,78,25647,20519,3.06,3.87,6627.1,1477.15,623660103
tetranychus_urticae,tetranychus_urticae,Animalia,Arthropoda,2,59291,478.16,1842.91,93,17671,14523,2.54,1.14,1477.57,1169.82,90815494
thelohanellus_kitauei,thelohanellus_kitauei,Animalia,Cnidaria,10,11464,247.89,937.25,22,15020,10568,2.1,0.88,739.32,719.35,150348159
trialeurodes_vaporariorum,trialeurodes_vaporariorum_gca011764245,Animalia,Arthropoda,4,41555,2199.53,2832.9,1332,18273,14471,4.06,8.7,11265.01,1346.7,787484423
tribolium_castaneum,tribolium_castaneum,Animalia,Arthropoda,1,153986,1207.92,4400.19,53,16590,13703,3.62,4.19,5288.84,1384.69,165928604
trichinella_spiralis,trichinella_spiralis,Animalia,Nematoda,10,8636,197.52,302.58,83,16380,14226,4.36,0.97,992.36,955.49,63525422
trichogramma_pretiosum,trichogramma_pretiosum_gca000599845v3,Animalia,Arthropoda,1,298592,1086.32,5978.42,84,12773,11367,4.66,3.05,5690.8,1698.03,187641947
trichoplax_adhaerens,trichoplax_adhaerens,Animalia,Placozoa,11,48786,283.41,670.54,134,11520,9705,7.42,1.8,2495.13,1362.12,105631681
trichuris_muris,trichuris_muris,Animalia,Nematoda,3,55816,404.95,1123.63,57,14995,11932,5.15,1.73,2618.39,1283.62,111837642
varroa_destructor,varroa_destructor_gca002443255,Animalia,Arthropoda,1,877130,2175.24,10611.94,434,10260,9243,5.72,7.73,13803.79,1788.65,368942295
zootermopsis_nevadensis,zootermopsis_nevadensis,Animalia,Arthropoda,10,97616,1476.02,3493.81,750,14610,11754,4.9,6.06,8988.37,1246.29,485009472
actinidia_chinensis,actinidia_chinensis,Planae,Streptophyta,22,31752,864.16,1376.77,367,33044,26534,4.46,3.34,4801.42,1368.79,553842477
aegilops_tauschii,aegilops_tauschii,Planae,Streptophyta,50,297313,664.26,5068.13,138,39614,24234,2.9,1.84,3153.87,1207.55,4224915394
amborella_trichopoda,amborella_trichopoda,Planae,Streptophyta,21,175748,1523.51,3705.13,393,27313,17396,3.06,3.97,7319.97,944.87,706332640
ananas_comosus,ananas_comosus,Planae,Streptophyta,10,606849,794.93,5104.04,302,25783,21308,4.26,5.24,4095.85,1145.05,315839004
arabidopsis_halleri,arabidopsis_halleri,Planae,Streptophyta,55,10373,184.94,274.28,100,32158,24749,3.97,0.66,954.36,1233.28,196243198
arabidopsis_lyrata,arabidopsis_lyrata,Planae,Streptophyta,1,44703,203.15,660.34,100,32667,25359,3.86,0.81,1009.17,1091.29,206667935
arabidopsis_thaliana,arabidopsis_thaliana,Planae,Streptophyta,10,10234,158.18,172.84,98,27628,21064,4.11,0.59,853.45,1253.98,119667750
arabis_alpina,arabis_alpina,Planae,Streptophyta,32,14335,178.86,264.61,98,21609,16798,4.01,0.68,923.68,1187.69,308032609
asparagus_officinalis,asparagus_officinalis,Planae,Streptophyta,21,195316,1449.64,3995.85,362,24141,20537,4.05,6.31,6894.4,1006.31,1187538024
avena_sativa,avena_sativa_ot3098,Planae,Streptophyta,35,197534,452.82,1336.55,138,65023,45372,4.12,1.32,2676.81,1588.93,10839200031
beta_vulgaris,beta_vulgaris,Planae,Streptophyta,44,44006,934.18,1776.06,321,26521,18305,3.49,3.22,4725.12,1237.75,566181630
brachypodium_distachyon,brachypodium_distachyon,Planae,Streptophyta,1,17912,400.43,673.95,139,34310,25587,3.44,1.37,1845.76,1239.14,271163419
brassica_juncea,brassica_juncea,Planae,Streptophyta,2,125121,274.24,1018.1,98,75016,52747,3.52,1,1371.91,1059.67,933495403
brassica_napus,brassica_napus,Planae,Streptophyta,11,25323,195.48,432.13,94,101040,82367,3.91,0.94,936.7,1006.34,848200303
cajanus_cajan,cajanus_cajan,Planae,Streptophyta,1,89901,537.04,1016.22,205,48618,27090,2.58,1.2,2491.16,959.01,592816859
camelina_sativa,camelina_sativa,Planae,Streptophyta,20,20765,203.81,349.03,104,89275,71083,4.18,0.76,1070.37,1213.85,641356059
cannabis_sativa,cannabis_sativa_female,Planae,Streptophyta,30,3138868,558.14,9961.86,160,27236,20556,3.74,1.77,2768.83,1238.89,875732045
capsicum_annuum,capsicum_annuum,Planae,Streptophyta,21,29912,944.88,2025.23,281,35845,27055,3.49,3.12,4365.69,1091.19,3063864880
chara_braunii,chara_braunii,Planae,Streptophyta,42,195737,5486.71,9662.12,2074,34718,22001,2.28,7.15,19711.61,2233.92,1751211849
chenopodium_quinoa,chenopodium_quinoa,Planae,Streptophyta,20,37354,692.34,1198.02,243,34426,29176,4.46,2.64,3643.96,1273.05,1333398936
chlamydomonas_reinhardtii,chlamydomonas_reinhardtii,Planae,Chlorophyta,38,28216,268.78,243.07,228,17743,16391,7.46,1.19,2169.76,2250.17,111098438
chondrus_crispus,chondrus_crispus,Planae,Rhodophyta,4,25371,176.94,659.71,116,9807,1471,0.3,0.07,353.89,1054.3,104980420
citrullus_lanatus,citrullus_lanatus,Planae,Streptophyta,11,48454,574.02,1145.26,212,22541,18171,4.25,2.39,3023.43,1166.89,365450462
citrus_clementina,citrus_clementina,Planae,Streptophyta,10,4675,336.32,386.02,165,25000,19318,3.97,1.17,1729.8,1257.01,301364702
coffea_canephora,coffea_canephora,Planae,Streptophyta,9,216594,483.2,1307.16,208,25574,20570,4.1,1.89,2465.2,1230.83,568611505
corchorus_capsularis,corchorus_capsularis,Planae,Streptophyta,27,13964,454.86,972.02,173,29356,20340,3.6,3.59,2361.7,1034.59,317178409
corylus_avellana,corylus_avellana,Planae,Streptophyta,55,6078,414.56,467.08,211,25732,20287,4.19,1.43,2203.23,1251.29,369779143
cucumis_melo,cucumis_melo,Planae,Streptophyta,20,9977,491.99,873.4,198,28299,19852,3.53,1.79,2477.19,1003.72,357857370
cucumis_sativus,cucumis_sativus,Planae,Streptophyta,21,20169,442.76,679.37,185,23780,18208,3.87,1.57,2239.5,1130.42,193829320
cyanidioschyzon_merolae,cyanidioschyzon_merolae,Planae,Rhodophyta,85,182,133.5,68.59,133.5,4973,2,0,0,133.5,1508.96,16728945
cynara_cardunculus,cynara_cardunculus,Planae,Streptophyta,10,86042,848.96,1829.61,338,26505,22655,4.47,3.89,4440.92,1232.89,724667265
daucus_carota,daucus_carota,Planae,Streptophyta,11,41368,478.25,777.12,194,32109,24031,4.01,1.63,2560.67,1187.85,421572671
digitaria_exilis,digitaria_exilis,Planae,Streptophyta,4,34245,402.43,702.06,135,59843,51906,3.63,1.45,1682.32,1055.61,716471022
dioscorea_rotundata,dioscorea_rotundata,Planae,Streptophyta,21,196836,592.17,2279.35,164,34551,25576,3.06,2.8,2449.08,922.74,584153202
eragrostis_curvula,eragrostis_curvula,Planae,Streptophyta,10,26561,439.28,794.67,150,55182,49240,3.8,1.99,1871.82,1143.08,603072269
eragrostis_tef,eragrostis_tef,Planae,Streptophyta,4,47098,510.8,1059.22,154,65879,53539,4.08,1.75,2564.37,1240.31,575076302
eucalyptus_grandis,eucalyptus_grandis,Planae,Streptophyta,10,9190,410.1,556.86,193,36779,27496,3.48,1.27,1911.43,1167.5,691269672
eutrema_salsugineum,eutrema_salsugineum,Planae,Streptophyta,10,5767,174.11,194.48,103,26528,20903,4.18,0.67,924.13,1228.59,243110105
ficus_carica,ficus_carica,Planae,Streptophyta,20,9997,362.53,626.38,162,37684,28434,3.3,1.57,1586.77,955.24,333439967
fraxinus_excelsior,fraxinus_excelsior,Planae,Streptophyta,22,60643,648.09,1388.47,220,38814,32018,4.23,2.64,3324.2,1192.56,867455155
galdieria_sulphuraria,galdieria_sulphuraria,Planae,Rhodophyta,25,3160,55.24,42.2,51,6622,4730,2.02,0.12,156.24,1301.24,13712004
glycine_max,glycine_max,Planae,Streptophyta,1,18215,486.15,852.15,208,55897,43795,4.05,1.79,2510.72,1241.93,978491270
gossypium_raimondii,gossypium_raimondii,Planae,Streptophyta,10,11502,335.84,529.57,141,38208,29698,3.95,1.23,1705.55,1227.95,761405269
helianthus_annuus,helianthus_annuus,Planae,Streptophyta,40,49473,510.25,1284.55,129,70864,46640,2.55,1.91,1977.43,950.74,3009595538
hordeum_vulgare,hordeum_vulgare,Planae,Streptophyta,21,234532,541.7,1974.79,129,35825,23689,3.16,1.37,2587.82,1194.1,4225577519
ipomoea_triloba,ipomoea_triloba,Planae,Streptophyta,42,13180,410.87,594.51,184,31358,24518,4.04,1.51,2121.7,1277.44,461827428
juglans_regia,juglans_regia,Planae,Streptophyta,21,493263,850.3,4632,239,40487,33236,4.79,3.24,4963.85,1358.42,572786133
kalanchoe_fedtschenkoi,kalanchoe_fedtschenkoi,Planae,Streptophyta,1,15936,278.96,490.12,122,30961,23290,3.88,1.06,1438.44,1174.12,256351415
lactuca_sativa,lactuca_sativa,Planae,Streptophyta,10,49397,337.01,1043.63,105,38293,28196,3.53,1.34,1617.02,1080.71,2391062152
leersia_perrieri,leersia_perrieri,Planae,Streptophyta,4,43727,472.17,865.5,175,29078,23267,4.17,1.86,2461,1257.4,266687832
lolium_perenne,lolium_perenne,Planae,Streptophyta,50,29330,540.09,888.07,168,38867,27807,3.33,1.58,2514.45,1214.19,2276788877
lupinus_angustifolius,lupinus_angustifolius,Planae,Streptophyta,11,29929,488.42,1010.47,234,33074,25682,4.52,1.79,2843.02,1288.73,609203021
malus_domestica,malus_domestica_golden,Planae,Streptophyta,40,86098,464.95,1381.32,162,40624,33017,4.13,2.28,2365.04,1176.29,702961352
manihot_esculenta,manihot_esculenta,Planae,Streptophyta,1,17006,467.67,821.98,169,33044,24245,3.85,1.57,2453.54,1221.52,582117524
marchantia_polymorpha,marchantia_polymorpha,Planae,Streptophyta,1,19489,346.48,518.64,230,19287,12889,3.8,1.07,1970.81,1416.97,225760816
medicago_truncatula,medicago_truncatula,Planae,Streptophyta,22,100988,438.79,721.34,203,50444,38146,3.06,1.52,1777.68,1019.84,412800391
musa_acuminata,musa_acuminata,Planae,Streptophyta,1,1976250,711.87,5579.7,169,35012,27403,3.99,2.95,3630.18,1198.8,450848473
nicotiana_attenuata,nicotiana_attenuata,Planae,Streptophyta,10,93840,637.36,1127.09,255,33320,23010,3.49,1.92,3216.67,1147.83,2365682703
nymphaea_colorata,nymphaea_colorata,Planae,Streptophyta,4,33902,786.53,1280.18,280,28438,25461,4.29,3.54,3767.27,1166,408396728
olea_europaea,olea_europaea,Planae,Streptophyta,21,93301,699.97,1758.88,228,55576,42611,3.46,2.52,3157.77,1079.91,1315765470
oryza_barthii,oryza_barthii,Planae,Streptophyta,4,24951,489.79,869.84,178,34575,28138,3.87,1.95,2330.62,1133.56,308272304
oryza_brachyantha,oryza_brachyantha,Planae,Streptophyta,1,47718,416.12,735.96,162,32037,23018,3.58,1.47,2075.06,1061.4,260838168
oryza_glaberrima,oryza_glaberrima,Planae,Streptophyta,49,36512,395.3,696.45,156,33164,23241,3.28,1.23,1852.8,1094.37,316419574
oryza_glumipatula,oryza_glumipatula,Planae,Streptophyta,4,83971,619.93,1694.13,188,35735,28254,3.74,2.84,2929.35,1149.13,372860283
oryza_longistaminata,oryza_longistaminata,Planae,Streptophyta,29,83807,438.07,746.38,199,31686,24045,3.93,1.55,2268.62,1096.11,326442508
oryza_meridionalis,oryza_meridionalis,Planae,Streptophyta,4,47000,539.14,1190.4,182,29308,22948,3.83,2.08,2638.38,1167.43,335668232
oryza_nivara,oryza_nivara,Planae,Streptophyta,4,94632,549.72,1206.56,187,36313,28372,3.72,2.28,2620.78,1162.9,337950324
oryza_punctata,oryza_punctata,Planae,Streptophyta,4,96742,561.71,1399.04,178,31762,25708,4.14,2.66,2872.67,1226.73,393816603
oryza_rufipogon,oryza_rufipogon,Planae,Streptophyta,4,86339,557.82,1198.67,190,37071,29173,3.72,2.27,2639.42,1145.52,338040714
panicum_hallii,panicum_hallii,Planae,Streptophyta,1,13451,353.78,589.19,133,33263,23288,3.43,1.11,1730.83,1227.94,487473734
papaver_somniferum,papaver_somniferum,Planae,Streptophyta,20,22575,348.63,632.35,143,41770,36508,4.27,1.87,1703.51,1138.33,2715377404
phaseolus_vulgaris,phaseolus_vulgaris,Planae,Streptophyta,10,10034,452.81,678.15,192,28134,21841,4.12,1.6,2402.98,1276.76,521076696
physcomitrium_patens,physcomitrium_patens,Planae,Streptophyta,1,12645,263.57,220.69,208,32234,23085,3.9,0.97,1435.04,1198.41,471852792
pistacia_vera,pistacia_vera,Planae,Streptophyta,1,77485,496.24,1333.32,170,31784,25612,4.18,1.9,2574.37,1199.2,671152441
pisum_sativum,pisum_sativum,Planae,Streptophyta,21,69896,422.3,1054.59,147,43691,31798,3.19,1.33,1850.05,1016.92,3920131294
populus_trichocarpa,populus_trichocarpa,Planae,Streptophyta,21,20768,388.36,600.8,173,34699,26271,4.13,1.4,2117.43,1313.04,392162179
prunus_avium,prunus_avium,Planae,Streptophyta,20,232854,414.88,1179.91,187,42794,29245,2.64,1.15,1603.68,906.45,272361615
prunus_dulcis,prunus_dulcis,Planae,Streptophyta,21,155403,397.3,1747.57,164,27963,20904,3.82,1.32,2029.72,1245.95,227498357
prunus_persica,prunus_persica,Planae,Streptophyta,1,8150,327.01,434.83,160,26873,20355,3.95,1.14,1704.81,1311.45,227411381
quercus_lobata,quercus_lobata,Planae,Streptophyta,62,16466,609.97,856.34,273,39366,31298,3.8,2.01,2913.08,1324.24,846677899
quercus_suber,quercus_suber,Planae,Streptophyta,38,42799,737.64,1393.54,234,79281,53603,2.5,2.09,2727.42,1027.95,953298670
rosa_chinensis,rosa_chinensis,Planae,Streptophyta,40,20369,333.54,570.22,151,45464,29867,2.83,1.14,1436.24,1050.31,515588973
saccharum_spontaneum,saccharum_spontaneum,Planae,Streptophyta,4,425198,563.52,1611.63,167,53284,42851,3.8,2.03,2659.99,1169.1,2900240836
secale_cereale,secale_cereale,Planae,Streptophyta,29,94027,470.83,1276.32,132,34441,23723,3.42,1.25,2337.79,1282.85,6735227109
selaginella_moellendorffii,selaginella_moellendorffii,Planae,Streptophyta,1,48860,98.54,430.38,58,34799,29043,4.67,0.44,551.15,1184.28,212645483
sesamum_indicum,sesamum_indicum,Planae,Streptophyta,11,26390,436.23,749.73,189,25172,18208,3.86,1.39,2328.1,1206.67,274906174
setaria_italica,setaria_italica,Planae,Streptophyta,10,6930,322.76,418.48,132,35831,25279,3.34,0.98,1526.22,1138.81,405732883
setaria_viridis,setaria_viridis,Planae,Streptophyta,1,13960,364.23,579.58,134,38334,26709,3.21,1.12,1679.89,1194.97,395731502
solanum_lycopersicum,solanum_lycopersicum,Planae,Streptophyta,3,313176,644.8,1809.78,211,34429,27545,3.85,2.72,3102.16,1065.21,827747456
solanum_tuberosum,solanum_tuberosum,Planae,Streptophyta,11,14994,621.57,908.87,259,39021,25786,2.48,1.96,2331.43,990.7,810654046
sorghum_bicolor,sorghum_bicolor,Planae,Streptophyta,1,24755,453.53,965.83,142,34118,25651,3.51,1.52,2120.29,1275.33,708735318
theobroma_cacao,theobroma_cacao,Planae,Streptophyta,13,1284698,531.22,6739.49,182,29188,22348,3.94,2.25,2730.88,1405.76,345993675
trifolium_pratense,trifolium_pratense,Planae,Streptophyta,30,60588,507.01,807.52,221,39917,29208,3.29,1.73,2278.85,1063.1,304842038
triticum_dicoccoides,triticum_dicoccoides,Planae,Streptophyta,50,685772,580.75,4011.56,137,62569,43924,3.45,1.88,2855.63,1200.53,10079039394
triticum_spelta,triticum_spelta,Planae,Streptophyta,1,240024,533.96,2013.07,134,113301,79757,3.21,1.71,2432.89,1153.43,14000336401
triticum_urartu,triticum_urartu,Planae,Streptophyta,1,31407,460.85,1053.47,132,41449,28250,2.97,1.45,2007.01,1049.99,4851895022
vigna_angularis,vigna_angularis,Planae,Streptophyta,11,40377,504,968.71,185,33860,25773,3.49,1.66,2311.27,1117.03,466744453
vigna_radiata,vigna_radiata,Planae,Streptophyta,20,15047,539.4,927.3,216,22368,19357,4.83,2.18,3012.25,1268.85,463085359
vigna_unguiculata,vigna_unguiculata,Planae,Streptophyta,25,27208,461.54,869.52,167,31812,24189,3.94,1.64,2392.11,1261.34,519066764
vitis_vinifera,vitis_vinifera,Planae,Streptophyta,21,47857,952.86,2275.61,220,35134,25362,3.47,2.89,4578.25,1085.67,475604073
zea_mays,zea_mays,Planae,Streptophyta,8,254236,677.64,2322.13,140,39756,28892,3.58,2.42,3337.67,1149.15,2182075994
albugo_laibachii,albugo_laibachii,Protista,Oomycota,4,29413,189.14,746.45,56,13804,8712,2.12,0.43,634.16,1371.7,32766811
bigelowiella_natans,bigelowiella_natans,Protista,Cercozoa,11,13405,182.53,168.5,152,21706,18615,7.7,1.13,1638.84,1332.74,94701163
dictyostelium_discoideum,dictyostelium_discoideum,Protista,Evosea,19,2842,138.76,143.74,104,13209,9006,1.27,0.22,257.85,1589.87,34134454
emiliania_huxleyi,emiliania_huxleyi,Protista,Haptophyta,1,33538,231.11,519.68,123,38544,27659,2.5,0.59,803.73,1049.58,167675649
entamoeba_histolytica,entamoeba_histolytica,Protista,Evosea,9,867,71.58,47.56,57,8113,1977,0.31,0.03,91.27,1264.54,20835395
guillardia_theta,guillardia_theta,Protista,,10,18951,106.32,190.69,53,24945,19568,5.32,0.52,720.99,1240.62,87266873
hyaloperonospora_arabidopsidis,hyaloperonospora_arabidopsidis,Protista,Oomycota,4,1797,137.59,120.7,92,14321,6913,0.97,0.25,275.54,972.14,78897814
leishmania_major,leishmania_major,Protista,Euglenozoa,2,4455,1065.8,1931.37,2,8315,5,0,0,1065.8,1890.24,32855089
paramecium_tetraurelia,paramecium_tetraurelia,Protista,Ciliophora,10,55,25.14,3.06,25,39642,31632,2.28,0.05,71.75,1363.5,72094543
phaeodactylum_tricornutum,phaeodactylum_tricornutum,Protista,Bacillariophyta,2,8925,125.39,172.08,88,12178,5744,0.71,0.08,188.73,1489.52,27568093
phytophthora_infestans,phytophthora_infestans,Protista,Oomycota,10,1074,123.46,129.61,73,17785,12001,1.76,0.27,322.61,1268.98,228543505
phytophthora_parasitica,phytophthora_parasitica,Protista,Oomycota,21,4414,94.62,112.52,70,23159,10351,1.07,0.16,227.15,1240.33,55229644
phytophthora_ramorum,phytophthora_ramorum,Protista,Oomycota,11,28977,131.07,396.28,74,15605,8407,1.59,0.15,386.27,1433.99,66652401
phytophthora_sojae,phytophthora_sojae,Protista,Oomycota,10,39329,166.94,566.42,77,26489,14304,1.37,0.24,424.42,1152.01,82597641
plasmodium_berghei,plasmodium_berghei,Protista,Apicomplexa,1,2432,150.55,84.09,132,4903,2521,1.64,0.26,481.62,2071,18560668
plasmodium_chabaudi,plasmodium_chabaudi,Protista,Apicomplexa,1,2433,140.67,69.77,125,5157,2730,1.7,0.25,451.83,2025.32,18867626
plasmodium_falciparum,plasmodium_falciparum,Protista,Apicomplexa,45,2425,167.04,106.43,142,5358,2937,1.64,0.27,499.42,2297.48,23292622
plasmodium_knowlesi,plasmodium_knowlesi,Protista,Apicomplexa,21,13595,224.39,378.09,169,5102,2631,1.61,0.31,698.84,2181.88,23462187
plasmodium_vivax,plasmodium_vivax,Protista,Apicomplexa,10,1848,187.6,111.08,162,5389,2885,1.47,0.28,516.58,2110.09,27007701
tetrahymena_thermophila,tetrahymena_thermophila,Protista,Ciliophora,11,7880,161.86,203.44,85,24725,17624,3.61,0.39,820.44,1953.44,103014375
thalassiosira_pseudonana,thalassiosira_pseudonana,Protista,Bacillariophyta,1,30987,121.79,284.78,90,11672,7009,1.51,0.14,306.59,1505.62,32437365
toxoplasma_gondii,toxoplasma_gondii,Protista,Apicomplexa,14,6580,497.25,273.01,469,8303,6712,4.74,1.31,2918.62,2499.38,65669794
trypanosoma_brucei,trypanosoma_brucei,Protista,Euglenozoa,650,1324,987,476.59,987,8747,2,0,0,987,1505.86,25789186
acanthochromis_polyacanthus,acanthochromis_polyacanthus,Animalia,Chordata,1,192724,1681.46,4794.47,515,24016,23071,8.04,9.31,14065.07,1521.07,991584656
accipiter_nisus,accipiter_nisus,Animalia,Chordata,1,153668,2023.2,4875.23,800,17270,16296,7.5,10.76,16082.79,1475.52,1190649881
ailuropoda_melanoleuca,ailuropoda_melanoleuca,Animalia,Chordata,1,1020865,4867.7,17324.16,1243,20820,18034,7.93,22.38,44575.86,1578.61,2444060653
amazona_collaria,amazona_collaria,Animalia,Chordata,1,197066,2805.78,8141.24,866,16590,15466,8.32,14.41,25043.44,1580.02,1258720284
amphilophus_citrinellus,amphilophus_citrinellus,Animalia,Chordata,1,193415,1560,4599.65,386,23675,22891,7.66,8.58,12352.32,1425.27,844902565
amphiprion_ocellaris,amphiprion_ocellaris,Animalia,Chordata,3,182697,1605.45,4540.02,515,23555,22669,8.29,9.01,13822.14,1575.89,880720895
amphiprion_percula,amphiprion_percula,Animalia,Chordata,3,198842,1760.95,5299.56,533,23872,23032,8.3,9.74,15153.42,1568.34,908939294
anabas_testudineus,anabas_testudineus,Animalia,Chordata,30,191020,1142.7,4587.86,272,23246,22260,8.73,6.16,10418.5,1652.84,555641398
anas_platyrhynchos,anas_platyrhynchos,Animalia,Chordata,1,199970,2801.93,8773.62,822.5,16765,15582,8.45,14.54,25482.43,1582.58,1211992756
anas_zonorhyncha,anas_zonorhyncha,Animalia,Chordata,1,198601,2868.71,8717.45,838,17732,16453,8.27,13.84,25565.92,1649.76,1310797575
anolis_carolinensis,anolis_carolinensis,Animalia,Chordata,1,256917,3949.99,11010.1,1407,21554,17562,6.86,17.15,33260.97,1683.98,1799143587
anser_brachyrhynchus,anser_brachyrhynchus,Animalia,Chordata,1,197559,2895.9,8471.03,922,15544,14717,9.04,15.33,27639.88,1723.9,1116992394
anser_cygnoides,anser_cygnoides,Animalia,Chordata,1,196877,2832.44,8399.5,884,15439,14653,9.15,14.78,27315.76,1741.73,1130276682
aotus_nancymaae,aotus_nancymaae,Animalia,Chordata,1,1083449,5068.24,17341.38,1383,20320,19401,8.51,26.18,45179.95,1594.17,2861668348
apteryx_haastii,apteryx_haastii,Animalia,Chordata,1,197583,2744.28,7383.24,1004,16674,14963,8.1,14.29,24785.07,1605.4,1221441152
apteryx_owenii,apteryx_owenii,Animalia,Chordata,30,196978,2749.94,7399.42,1002,16196,15476,8.5,15.34,24471.52,1589.15,1231276503
apteryx_rowi,apteryx_rowi,Animalia,Chordata,30,194916,2766.76,7491.61,998,16257,15564,8.54,15.3,24669.39,1596.83,1228902913
aquila_chrysaetos,aquila_chrysaetos_chrysaetos,Animalia,Chordata,1,380634,2923.14,8599.98,901,16118,15381,8.99,15.87,27526.31,1668.07,1203454851
astatotilapia_calliptera,astatotilapia_calliptera,Animalia,Chordata,1,200622,1679.33,5800.04,355,26983,24787,7.79,8.54,14245.21,1606.36,880428986
astyanax_mexicanus,astyanax_mexicanus,Animalia,Chordata,1,198154,2464.55,7227.82,887,26662,25126,7.72,12.5,20180.38,1563.56,1335239194
athene_cunicularia,athene_cunicularia,Animalia,Chordata,1,199702,2830.68,8060.61,934,13835,13210,8.94,15.37,26493.37,1648.81,1157069330
balaenoptera_musculus,balaenoptera_musculus,Animalia,Chordata,1,1047377,4927.82,17807.18,1206,19518,17796,8.4,24.91,45420.91,1574.22,2379995981
betta_splendens,betta_splendens,Animalia,Chordata,30,197539,936.65,4709.33,168,22369,21225,8.52,5.08,8414.11,1673.31,441371523
bison_bison,bison_bison_bison,Animalia,Chordata,1,1194415,4797.11,17724.28,1253,20224,18026,7.98,24.43,42937.15,1469.54,2953622319
bos_grunniens,bos_grunniens,Animalia,Chordata,1,1306871,5643.61,19974.62,1402,20953,17881,7.75,26.04,51277.25,1567.62,2832776395
bos_indicus,bos_indicus_hybrid,Animalia,Chordata,1,1177934,5257.86,18951.59,1271,22118,18355,7.74,23.16,49070.11,1654.1,2680953056
bos_mutus,bos_mutus,Animalia,Chordata,1,1191232,4477.84,15260.78,1227,20832,18551,7.99,23.57,40172.18,1506.65,2645161911
bos_taurus,bos_taurus,Animalia,Chordata,1,1196801,4732.71,15164.51,1289,21861,18725,7.71,22.94,42612.56,1577.27,2715853792
bubo_bubo,bubo_bubo,Animalia,Chordata,1,198730,2890.94,8235.77,942,14407,13613,8.74,15.14,26747.48,1606.27,1258069325
cairina_moschata,cairina_moschata_domestica,Animalia,Chordata,1,199451,2888,8818.16,853,15898,15112,9.1,14.73,27655.94,1757.15,1109207201
calidris_pugnax,calidris_pugnax,Animalia,Chordata,30,197953,3064.32,8653.54,1005,16421,15591,8.52,16.06,27501.61,1641.13,1229094286
callithrix_jacchus,callithrix_jacchus,Animalia,Chordata,1,1058032,5995.2,19684.75,1522,21965,19062,7.8,33.59,53871.55,1609.59,2829711198
callorhinchus_milii,callorhinchus_milii,Animalia,Chordata,1,447771,2445.06,7298.43,842,19415,18497,7.65,12.62,19626.45,1462.4,974498586
camarhynchus_parvulus,camarhynchus_parvulus,Animalia,Chordata,1,199245,2695.98,8111.82,848,16191,15477,8.68,13.95,24483.31,1639.64,1064016364
camelus_dromedarius,camelus_dromedarius,Animalia,Chordata,1,908035,4195.71,14674.22,1157,19379,17754,8.59,21.92,39341.7,1617.18,2154386959
canis_lupus,canis_lupus_familiaris,Animalia,Chordata,1,899698,4973.09,16860.46,1281,20500,18093,8.25,23.39,46469.09,1680.39,2396858295
capra_hircus,capra_hircus,Animalia,Chordata,11,199323,4266.49,11836.46,1215,21343,19151,7.99,20.99,37971.1,1562.19,2922813246
carassius_auratus,carassius_auratus,Animalia,Chordata,1,222837,1549.31,5772.07,345,54560,49194,7.87,7.79,13527.58,1670.7,1820635050
carlito_syrichta,carlito_syrichta,Animalia,Chordata,1,640204,4097.6,11471.23,1350,18304,17858,8.53,24.03,35814.84,1527.77,3453864774
castor_canadensis,castor_canadensis,Animalia,Chordata,1,772247,3263.23,9860.69,1107,20600,18406,7.19,17.71,26251.54,1392.05,2518306565
catagonus_wagneri,catagonus_wagneri,Animalia,Chordata,1,975246,4931.09,17172.23,1351,19627,17397,8.42,24.71,46852.86,1586.15,2640067814
catharus_ustulatus,catharus_ustulatus,Animalia,Chordata,1,195743,2742.67,8492.1,845,16835,15897,8.48,13.75,24633.8,1606.49,1131616430
cavia_aperea,cavia_aperea,Animalia,Chordata,1,2519055,3475.6,12973.17,1032,14218,13501,8.45,22.36,30942.64,1473.45,2716396567
cavia_porcellus,cavia_porcellus,Animalia,Chordata,1,978950,4235.38,14948.69,1126,18095,16614,8.91,23.89,41114.33,1641.26,2723219641
cebus_imitator,cebus_imitator,Animalia,Chordata,1,959219,5075.08,16824.68,1431,20200,19290,8.54,26.26,45377.38,1605.77,2717703182
cercocebus_atys,cercocebus_atys,Animalia,Chordata,1,1066203,5209.98,17894.58,1429,20746,19380,8.48,26.44,47294.67,1598.74,2848246356
cervus_hanglu,cervus_hanglu_yarkandensis,Animalia,Chordata,1,5279816,5017.78,24796.7,1232,22020,19266,7.83,22.69,44902.97,1581.27,2594114534
chelonoidis_abingdonii,chelonoidis_abingdonii,Animalia,Chordata,30,289689,4311.78,10837.88,1500,20200,19243,7.25,22.46,32809.02,1402.58,2300739315
chelydra_serpentina,chelydra_serpentina,Animalia,Chordata,1,250199,4488.91,11648.69,1402,20414,19029,7.63,21.96,36732.43,1478.9,2401360239
chinchilla_lanigera,chinchilla_lanigera,Animalia,Chordata,1,990027,4449.65,15876.76,1213,17809,16614,9.11,24.51,43438.56,1681.87,2390868971
chlorocebus_sabaeus,chlorocebus_sabaeus,Animalia,Chordata,1,199217,4466.65,11067.68,1437,19165,17218,8.53,24.43,42404.87,1632.7,2789656328
choloepus_hoffmanni,choloepus_hoffmanni,Animalia,Chordata,1,120973,2257.67,4311.65,828,12393,11314,11.38,15.64,28147.78,1592.08,2467493193
chrysemys_picta,chrysemys_picta_bellii,Animalia,Chordata,1,268717,4781.07,12175.46,1564,21176,19875,7.79,23.61,39661.62,1528.84,2365766571
chrysolophus_pictus,chrysolophus_pictus,Animalia,Chordata,1,199417,2429.78,7051.27,814,11799,11403,9.88,14.55,24842.82,1760.48,1023990748
ciona_savignyi,ciona_savignyi,Animalia,Chordata,1,19782,660.87,961.54,452,11616,10775,6.15,3.82,4380.65,1096.78,177003750
clupea_harengus,clupea_harengus,Animalia,Chordata,30,200108,1560.76,5684.23,438,24074,22877,8.08,7.85,13270.12,1625.25,725670187
colobus_angolensis,colobus_angolensis_palliatus,Animalia,Chordata,1,1076047,5253.2,18042.56,1437,20467,19270,8.4,27.09,46860.04,1567.66,2970124662
corvus_moneduloides,corvus_moneduloides,Animalia,Chordata,1,197292,2851.55,8901.35,832,15821,14939,9.13,14.67,27580.61,1771.89,1112734094
cottoperca_gobio,cottoperca_gobio,Animalia,Chordata,30,197682,1298.89,4545.73,369,21622,20738,8.46,6.86,11455.49,1592.37,609391784
coturnix_japonica,coturnix_japonica,Animalia,Chordata,1,198474,2499.46,7797.43,760,15732,14940,8.91,13.09,23456.44,1698.41,927656957
cricetulus_griseus,cricetulus_griseus_chok1gshd,Animalia,Chordata,11,972937,4118.62,15103.34,1234,20824,18074,8.14,20.36,38618.5,1586.92,2358167390
crocodylus_porosus,crocodylus_porosus,Animalia,Chordata,30,199739,4680.76,12163.99,1514,15226,14651,8.99,25.92,43719.83,1667.04,2049536252
cyanistes_caeruleus,cyanistes_caeruleus,Animalia,Chordata,30,197410,2687.19,8074.25,876,15470,14748,8.66,14.45,24408.26,1617.2,1186980630
cyclopterus_lumpus,cyclopterus_lumpus,Animalia,Chordata,30,181950,1121.7,3838.69,320,21506,20718,8.51,5.93,9907.57,1579.11,572885595
cynoglossus_semilaevis,cynoglossus_semilaevis,Animalia,Chordata,1,183204,1049.6,3653.15,251,21371,20538,8.66,6,9457.34,1610.16,470199494
cyprinodon_variegatus,cyprinodon_variegatus,Animalia,Chordata,1,193992,1997.03,5677.96,445,22993,22036,7.93,10.85,16534.32,1527.32,1035184475
cyprinus_carpio,cyprinus_carpio_carpio,Animalia,Chordata,1,499832,1681.34,6726.77,370,44639,41913,8.91,9.53,15959.05,1783.71,1460365368
danio_rerio,danio_rerio,Animalia,Chordata,1,677618,2859.68,8492.3,1067,25447,23684,8.38,16.27,25745.53,1641.93,1373471384
dasypus_novemcinctus,dasypus_novemcinctus,Animalia,Chordata,1,266430,3966.67,10652.51,1080,22711,19655,7.77,20.39,35636.01,1499.06,3631522711
delphinapterus_leucas,delphinapterus_leucas,Animalia,Chordata,30,199028,4563.42,12574.65,1239,19070,17326,8.19,22.08,41128.48,1610.01,2362774659
denticeps_clupeoides,denticeps_clupeoides,Animalia,Chordata,30,200388,1187,5386.85,277,24119,23186,8.36,6.38,10325.28,1590.14,567401054
dicentrarchus_labrax,dicentrarchus_labrax,Animalia,Chordata,1,198366,1382.69,4727.57,366,22969,21701,9.24,7.2,13521.17,1829.62,695892153
dipodomys_ordii,dipodomys_ordii,Animalia,Chordata,1,921981,3820.41,13412.37,1188,16911,15789,8.61,21.75,35229.64,1541.09,2236368823
dromaius_novaehollandiae,dromaius_novaehollandiae,Animalia,Chordata,30,199258,3025.02,8469.43,1026,15615,15015,9,16.59,28324.57,1671.74,1192237364
echeneis_naucrates,echeneis_naucrates,Animalia,Chordata,30,199712,1149.73,5091.82,272,21616,20885,8.82,6.23,10499.61,1644.96,544212633
echinops_telfairi,echinops_telfairi,Animalia,Chordata,1,340784,3781.59,11886.1,354,16575,15661,12.63,29.77,50542.77,1567.61,3833584941
electrophorus_electricus,electrophorus_electricus,Animalia,Chordata,30,177494,971.98,2929.85,309,22824,21930,7.9,5.2,7989.15,1471.14,551880868
eptatretus_burgeri,eptatretus_burgeri,Animalia,Chordata,30,199973,8520.1,17026.52,2317,16513,16098,7.16,44.63,62609.37,1415.62,2608383542
equus_asinus,equus_asinus,Animalia,Chordata,1,1016998,4676.67,16133.95,1234,21346,18924,8.26,22.91,43549.09,1684.21,2431907375
equus_caballus,equus_caballus,Animalia,Chordata,1,657268,4931.09,16987.91,1267,21426,18663,8.34,24.74,47227.26,1801.26,2506966135
erinaceus_europaeus,erinaceus_europaeus,Animalia,Chordata,1,431914,3464.09,9687.69,652,14601,13707,12.18,25.57,44956.81,1625.52,3377541562
erpetoichthys_calabaricus,erpetoichthys_calabaricus,Animalia,Chordata,30,248682,6592.08,15064.87,2215,22327,20886,7.49,33.25,52776.69,1532.13,3811022027
esox_lucius,esox_lucius,Animalia,Chordata,1,199448,1827.18,6480.66,381,24854,23332,8.51,9.23,16558.22,1724.92,940906975
falco_tinnunculus,falco_tinnunculus,Animalia,Chordata,1,198081,3047.64,8799.15,941,15237,14418,9.22,15.73,29702.09,1733.96,1179901403
felis_catus,felis_catus,Animalia,Chordata,1,2003644,5166.21,18331.95,1309,19564,17545,8.65,25.12,49812.31,1696.34,2521863845
ficedula_albicollis,ficedula_albicollis,Animalia,Chordata,1,199692,2859.06,8616.67,887,15457,14694,8.81,14.86,26491.01,1694.68,1118343587
fukomys_damarensis,fukomys_damarensis,Animalia,Chordata,1,679537,4107.9,13867.61,1164,17730,16231,8.81,22.48,39530.05,1605.38,2333908851
fundulus_heteroclitus,fundulus_heteroclitus,Animalia,Chordata,2,195403,2081.8,6039.66,523,23054,22178,7.88,11.06,17059.18,1519.95,1021898560
gadus_morhua,gadus_morhua,Animalia,Chordata,1,199650,1377.25,5118.71,460,23510,21810,8.08,6.58,11994.99,1682.08,669949713
gallus_gallus,gallus_gallus,Animalia,Chordata,1,473669,2676.38,9181.98,780,17007,15652,9.27,14.2,26968.14,1832.64,1053332251
gambusia_affinis,gambusia_affinis,Animalia,Chordata,3,198422,1443.88,4713.54,427,21712,21010,8.44,7.94,12587.98,1569.29,598663367
gasterosteus_aculeatus,gasterosteus_aculeatus,Animalia,Chordata,1,154843,734.68,2327.25,215,20787,19667,9.4,4.59,7297.84,1551.29,461533448
geospiza_fortis,geospiza_fortis,Animalia,Chordata,1,196903,2492.82,7392.11,837,14187,13591,8.9,13.66,23164.67,1611.96,1065292181
gopherus_agassizii,gopherus_agassizii,Animalia,Chordata,30,199693,4233.21,9479.3,1532,20135,18869,7.65,21.38,34570.16,1491.91,2184966080
gorilla_gorilla,gorilla_gorilla,Animalia,Chordata,1,1106387,5279.33,18622.81,1412,21587,19908,8.07,25.76,46205.04,1550.52,3063362794
gouania_willdenowi,gouania_willdenowi,Animalia,Chordata,30,198979,2104.84,7163.5,654,23189,21947,7.84,10.54,17428.61,1551.81,937150793
haplochromis_burtoni,haplochromis_burtoni,Animalia,Chordata,1,198584,1569.16,5057.2,351,23044,22163,8.45,8.42,13779.62,1607.31,831411547
heterocephalus_glaber,heterocephalus_glaber_female,Animalia,Chordata,1,966558,4799.41,17058.26,1200.5,23189,19422,7.1,21.19,40680.11,1516.03,2500150894
hippocampus_comes,hippocampus_comes,Animalia,Chordata,1,187597,1149.35,3607.29,302,20850,20144,8.05,6.45,9576,1485.76,493775940
homo_sapiens,homo_sapiens,Animalia,Chordata,1,1240120,5521.77,19238.73,1505,20070,17861,8.93,29.73,55382.15,1800.84,3099750718
hucho_hucho,hucho_hucho,Animalia,Chordata,30,195232,1894.14,5651.91,345,50005,46037,6.43,9.52,13223.72,1349.39,2487549814
ictalurus_punctatus,ictalurus_punctatus,Animalia,Chordata,1,512641,1765.59,5747.99,494,23598,22482,8.41,9.56,15585.38,1607.31,783274721
ictidomys_tridecemlineatus,ictidomys_tridecemlineatus,Animalia,Chordata,1,988630,4327.08,14931.47,1218,18474,16844,8.68,22.96,41206.93,1627.73,2478410228
jaculus_jaculus,jaculus_jaculus,Animalia,Chordata,1,1289275,4947.64,17497.38,1442,17845,16698,8.4,28.11,44440.46,1528.79,2835250225
junco_hyemalis,junco_hyemalis,Animalia,Chordata,1,196639,2714.91,7826.77,892,14551,13904,8.58,14.36,24364.69,1640.05,958315288
kryptolebias_marmoratus,kryptolebias_marmoratus,Animalia,Chordata,1,199862,1462.14,4704.79,328,21911,20986,8.57,7.87,13088.22,1631.73,680366784
labrus_bergylta,labrus_bergylta,Animalia,Chordata,1,197643,1320.36,4110.72,380,27270,25999,7.64,7.17,10576.65,1454.78,805480521
larimichthys_crocea,larimichthys_crocea,Animalia,Chordata,1,192029,1297.29,4631.8,279,22891,21734,8.84,6.7,12078.9,1704.61,657939657
lates_calcarifer,lates_calcarifer,Animalia,Chordata,1,195628,1181.03,4125.99,305,25058,24049,8.2,6.07,10092,1548.84,668464831
laticauda_laticaudata,laticauda_laticaudata,Animalia,Chordata,1,102889,1864.26,3177.84,1029,17627,16585,6.53,9.88,12929.76,1316.07,1558706106
latimeria_chalumnae,latimeria_chalumnae,Animalia,Chordata,1,199449,3957.1,8843.37,1737,19569,17981,8.95,23.2,38525.24,1563.66,2860591921
lepidothrix_coronata,lepidothrix_coronata,Animalia,Chordata,30,197988,2749.53,7843.32,911,15320,14679,8.52,15.12,24455.63,1586.06,1079577334
lepisosteus_oculatus,lepisosteus_oculatus,Animalia,Chordata,1,199443,2093.6,6387.79,711,18341,17248,9.68,12.35,21549.84,1694.24,945878036
leptobrachium_leishanense,leptobrachium_leishanense,Animalia,Chordata,1,199867,6782.39,16301.44,1831,29203,21205,5.9,25.85,55135.22,1630.59,3549060464
lonchura_striata,lonchura_striata_domestica,Animalia,Chordata,30,197799,2737.84,8000.67,896,15917,15231,8.57,14.68,24520.27,1616.45,1060169706
loxodonta_africana,loxodonta_africana,Animalia,Chordata,1,334004,4192.43,12021.27,1146,20033,17206,8.39,22.04,40932.15,1537.68,3196760833
lynx_canadensis,lynx_canadensis,Animalia,Chordata,1,945464,5057.14,17354.92,1303,19106,17245,8.49,25.88,47551.77,1620.48,2408883772
macaca_fascicularis,macaca_fascicularis,Animalia,Chordata,1,1052443,5591.5,18632.88,1551,22323,18467,7.57,30.27,51198.28,1537.95,2906155132
macaca_mulatta,macaca_mulatta,Animalia,Chordata,1,1341194,5667.36,19021.25,1538,21591,17219,7.83,25.56,55649.96,1732.21,2971331530
macaca_nemestrina,macaca_nemestrina,Animalia,Chordata,1,1082622,5347.13,17833.24,1444,20872,19363,8.41,26.89,48467.96,1588.59,2948703511
malurus_cyaneus,malurus_cyaneus_samueli,Animalia,Chordata,1,199480,2442.86,7271.78,780,15509,14768,8,12.98,20517.31,1473.06,1078874851
manacus_vitellinus,manacus_vitellinus,Animalia,Chordata,30,210885,2745.68,8078.56,921,15928,15151,8.31,14.71,23990.61,1559.22,1213150360
mandrillus_leucophaeus,mandrillus_leucophaeus,Animalia,Chordata,1,993097,5117.48,16460.94,1446,20660,19226,8.24,26.99,45314.46,1534.89,3062009387
marmota_marmota,marmota_marmota_marmota,Animalia,Chordata,1,974732,4467.72,15698.82,1267,20350,18012,7.91,22.05,39925.76,1503.61,2510587379
mastacembelus_armatus,mastacembelus_armatus,Animalia,Chordata,30,191874,1190.16,4422.74,298,22310,21262,8.76,6.32,10945.46,1664.16,591951587
maylandia_zebra,maylandia_zebra,Animalia,Chordata,1,205711,1603.02,5308.62,351,27156,25981,7.9,8.77,13231.73,1529.16,957485262
meleagris_gallopavo,meleagris_gallopavo,Animalia,Chordata,1,199632,2034.02,6341.48,725,16226,15090,7.76,10.46,16961.9,1473.1,1115474681
melopsittacus_undulatus,melopsittacus_undulatus,Animalia,Chordata,1,199816,2736.23,8164.18,852,16416,15601,8.73,14.66,25135.72,1628.54,1171617451
meriones_unguiculatus,meriones_unguiculatus,Animalia,Chordata,1,424739,3251.42,9073.33,1186.5,21116,18679,7.77,17.55,28562.81,1504.75,2523124066
mesocricetus_auratus,mesocricetus_auratus,Animalia,Chordata,1,1010657,4206.98,15620.06,1203,18257,16898,8.18,23.69,37184.62,1531.53,2504925039
microcebus_murinus,microcebus_murinus,Animalia,Chordata,1,2223906,4790.01,18527.31,1273,18816,18144,9,26.02,44731.29,1665.07,2487409138
microtus_ochrogaster,microtus_ochrogaster,Animalia,Chordata,1,918087,4225.47,15544.63,1243,19130,17578,8.47,22.68,38953.75,1580.53,2287357235
mola_mola,mola_mola,Animalia,Chordata,3,196065,1385.23,4068.03,376,21397,20812,8.15,7.9,11601.99,1467.56,639451992
monodelphis_domestica,monodelphis_domestica,Animalia,Chordata,1,686803,6149.66,16472.39,1735,21380,18178,7.35,27.84,53131.37,1593.11,3600504728
monodon_monoceros,monodon_monoceros,Animalia,Chordata,1,1052212,4942.56,17610.78,1237,19154,17502,8.61,25.25,46565.99,1620.36,2355574979
monopterus_albus,monopterus_albus,Animalia,Chordata,1,199801,1504.88,4913.14,400,22121,21067,8.37,8.28,13227.42,1567.2,684144148
moschus_moschiferus,moschus_moschiferus,Animalia,Chordata,1,1254070,5212.08,19604.61,1239,21352,18541,7.93,24.7,47598.04,1536.81,3069608437
mus_caroli,mus_caroli,Animalia,Chordata,1,2544624,4581.33,18351.82,1313,19311,16768,8.49,24.36,44778.12,1689.18,2553112587
mus_musculus,mus_musculus,Animalia,Chordata,1,1014880,4513.1,17188.58,1291,21684,18203,8.2,22.17,44104.52,1724.05,2728222451
mus_pahari,mus_pahari,Animalia,Chordata,1,2539229,4555.84,19948.84,1311,19164,16719,8.54,25.09,44617.72,1691.08,2475012951
mus_spicilegus,mus_spicilegus,Animalia,Chordata,1,1020574,4232.42,14733.38,1276,22907,18938,7.39,19.35,37827.61,1509.12,2496083520
mus_spretus,mus_spretus,Animalia,Chordata,1,1053900,4845.1,18242.98,1335,19580,16995,8.44,25.49,47091.98,1675.92,2625571169
mustela_putorius,mustela_putorius_furo,Animalia,Chordata,1,279537,4370.51,12399.58,1222,19910,18035,8.5,25.11,41009.61,1605.62,2410758013
myotis_lucifugus,myotis_lucifugus,Animalia,Chordata,1,323654,2780.59,7159.5,1039,19728,17440,8.4,14.82,26416.71,1543.11,2034575300
myripristis_murdjan,myripristis_murdjan,Animalia,Chordata,30,198277,1613.01,5169.06,542,23976,23102,8.19,8.44,13713.46,1551.14,835254674
naja_naja,naja_naja,Animalia,Chordata,1,303073,3498.21,9702.06,1267,18011,17133,7.84,18.85,28835.3,1484.83,1768535092
nannospalax_galili,nannospalax_galili,Animalia,Chordata,1,1323331,4942.93,17719.22,1325,18647,17235,8.42,28.18,45037.28,1557.94,3061408210
neogobius_melanostomus,neogobius_melanostomus,Animalia,Chordata,2,197190,1936.66,6544.1,393,22600,21594,6.74,9.59,13660.39,1271.26,1003738541
neolamprologus_brichardi,neolamprologus_brichardi,Animalia,Chordata,1,196194,1589.95,4970.33,367,23568,22771,7.39,8.75,12162.36,1401.17,847910432
nomascus_leucogenys,nomascus_leucogenys,Animalia,Chordata,1,2120983,5154.49,18424.25,1419,20648,19556,8.4,26.72,45734.11,1555.55,2962060179
notamacropus_eugenii,notamacropus_eugenii,Animalia,Chordata,1,135339,2230.25,4853.79,514,15290,14363,12.66,17,30051.29,1673.82,2955773937
notechis_scutatus,notechis_scutatus,Animalia,Chordata,30,198866,3244.15,8705.8,1314,18964,17988,6.96,16.46,23811.73,1364.48,1665525958
nothobranchius_furzeri,nothobranchius_furzeri,Animalia,Chordata,30,197785,2093.94,7418.95,270,23421,20020,7.42,9.31,18182.33,1624.1,1242518059
nothoprocta_perdicaria,nothoprocta_perdicaria,Animalia,Chordata,30,199721,2345.81,6568.8,845,15704,15052,7.86,12.71,19237.14,1461.03,965904370
numida_meleagris,numida_meleagris,Animalia,Chordata,1,199616,2746.72,8235.7,851,15661,14882,9.01,14.35,26031.49,1718.6,1043264150
ochotona_princeps,ochotona_princeps,Animalia,Chordata,1,919067,3642.77,13105.78,540,16006,15237,12.32,28.45,47142.3,1656.62,4781903803
octodon_degus,octodon_degus,Animalia,Chordata,1,1085666,4646.91,16562.94,1140,19982,17936,7.67,23.56,39705.24,1440.68,2995872505
oncorhynchus_kisutch,oncorhynchus_kisutch,Animalia,Chordata,30,270978,2537.34,8140.27,413,43835,39463,7.91,11.77,22306.86,1725.1,2375894934
oncorhynchus_mykiss,oncorhynchus_mykiss,Animalia,Chordata,1,200767,2571.64,8331.63,416,48164,39900,7.31,10.69,22706.08,1776.41,2341671972
oncorhynchus_tshawytscha,oncorhynchus_tshawytscha,Animalia,Chordata,2,230067,2242.62,7260.66,356,42356,40027,7.72,11.3,18314.78,1531.18,2425713975
oreochromis_aureus,oreochromis_aureus,Animalia,Chordata,30,190672,1411.91,4566.8,331,24422,23462,8.15,7.59,11977.55,1526,918937175
oreochromis_niloticus,oreochromis_niloticus,Animalia,Chordata,2,199979,1831.06,7676.23,340,28142,24850,7.67,9.25,15904.83,1683.88,1005681550
ornithorhynchus_anatinus,ornithorhynchus_anatinus,Animalia,Chordata,1,631224,4119.79,11976.25,1263.5,17417,16216,8.93,21.82,39508.89,1726.97,1858552590
oryctolagus_cuniculus,oryctolagus_cuniculus,Animalia,Chordata,1,1013390,5468.01,18369.1,1394,20599,17554,7.52,24.39,48276.02,1582.82,2737490501
oryzias_javanicus,oryzias_javanicus,Animalia,Chordata,30,198883,1856.04,6307.33,338,21482,20525,7.86,9.25,15267.69,1520.21,809679899
oryzias_latipes,oryzias_latipes,Animalia,Chordata,1,309899,1626.73,5709.36,299,23600,21774,8.13,8.4,14342.3,1676.29,734057086
oryzias_sinensis,oryzias_sinensis,Animalia,Chordata,2,197365,1433.75,5079.66,284,21948,20521,7.28,6.48,11163.2,1457.08,813986518
otolemur_garnettii,otolemur_garnettii,Animalia,Chordata,1,540755,3844.56,10520.46,1257,19506,17013,8.65,19.93,38138.51,1622.67,2519404493
otus_sunia,otus_sunia,Animalia,Chordata,1,196353,2889.41,8480.66,913,15683,14695,8.72,14.86,26894.02,1629.49,1231433939
ovis_aries,ovis_aries,Animalia,Chordata,1,213982,3920.1,11577.22,1096,20921,18868,8.62,22.02,37450.13,1559.23,2619054388
pan_paniscus,pan_paniscus,Animalia,Chordata,1,1349599,5004.06,17908.1,1393,21041,19381,8.24,24.94,44742.94,1560.16,3286643896
pan_troglodytes,pan_troglodytes,Animalia,Chordata,1,1677463,5209.82,18348.23,1397,23302,21112,7.98,24.77,45913.67,1557.4,3231170666
panthera_leo,panthera_leo,Animalia,Chordata,1,2377911,4951.57,18298.82,1281,19550,17469,8.5,25.03,47124.79,1629.04,2406807619
panthera_pardus,panthera_pardus,Animalia,Chordata,1,1057902,5169.28,17623.49,1418,19646,17650,8.38,26.97,48229.56,1558.16,2578019207
panthera_tigris,panthera_tigris_altaica,Animalia,Chordata,1,1022749,4687.44,15883.59,1366,17544,16139,8.72,26.63,44419.89,1543.12,2391065193
papio_anubis,papio_anubis,Animalia,Chordata,1,950769,5943.7,19464.82,1564,21731,19110,7.79,32.83,52629.87,1606.57,2869821163
parambassis_ranga,parambassis_ranga,Animalia,Chordata,30,198378,1057.94,5053.64,189,23945,23010,8.06,5.72,8877.02,1548.28,551012959
paramormyrops_kingsleyae,paramormyrops_kingsleyae,Animalia,Chordata,3,198364,1453.63,4439.38,420,24782,23688,8.22,7.83,12498.49,1603.1,799421083
parus_major,parus_major,Animalia,Chordata,30,199319,2760.16,8210.79,867,15003,14378,9.23,14.97,26589.92,1747.76,1020310768
pavo_cristatus,pavo_cristatus,Animalia,Chordata,1,197810,1693.75,4759.61,628,18144,16837,6.3,8.4,11501.13,1295.61,1027510962
pelodiscus_sinensis,pelodiscus_sinensis,Animalia,Chordata,1,220299,4437.16,11193.22,1569,18189,16042,8.13,23.83,40921.1,1559.44,2202483752
pelusios_castaneus,pelusios_castaneus,Animalia,Chordata,1,269690,4009.54,10579.47,1257,19343,18199,8.11,20.29,34565.63,1551.07,2044278682
periophthalmus_magnuspinnatus,periophthalmus_magnuspinnatus,Animalia,Chordata,3,187380,1395.21,4251.79,457,22252,21568,7,7.76,10070.71,1290.6,701696780
peromyscus_maniculatus,peromyscus_maniculatus_bairdii,Animalia,Chordata,1,1390143,4480.26,16593.65,1317,21644,18810,7.95,21.83,41008.31,1536.22,2512423440
petromyzon_marinus,petromyzon_marinus,Animalia,Chordata,1,172894,1445.61,3220.49,760,10415,9852,7.73,9.54,11807.15,1193.22,885550958
phascolarctos_cinereus,phascolarctos_cinereus,Animalia,Chordata,1,1035190,5668.44,15984.13,1634,19832,18365,8.24,29.35,50454.53,1576.54,3192581492
phasianus_colchicus,phasianus_colchicus,Animalia,Chordata,1,197861,2614.36,8062.56,795,15711,14814,8.93,13.21,24766.89,1697.78,1017507340
phocoena_sinus,phocoena_sinus,Animalia,Chordata,1,1085456,5027.18,18106.15,1237.5,18962,17239,8.58,25.43,47448.39,1635.06,2371524154
physeter_catodon,physeter_catodon,Animalia,Chordata,1,1853506,5030.09,18594.09,1232,19701,17935,8.14,24.66,44991.44,1536.29,2512132974
piliocolobus_tephrosceles,piliocolobus_tephrosceles,Animalia,Chordata,1,1055395,5415.39,18490.69,1475,24443,20197,7,22.9,45863.63,1491.2,3038007327
podarcis_muralis,podarcis_muralis,Animalia,Chordata,1,221160,3417.89,9804.88,1249,22062,19258,7.35,15.55,28766.49,1643.03,1511002858
poecilia_formosa,poecilia_formosa,Animalia,Chordata,1,189713,1338.1,4379.49,353,23615,22519,9.51,7.81,13340.45,1679.85,748923461
poecilia_latipinna,poecilia_latipinna,Animalia,Chordata,3,198816,1458.97,4216.6,405,23617,22768,7.88,8.22,11927.73,1485.89,815144743
poecilia_mexicana,poecilia_mexicana,Animalia,Chordata,3,187573,1464.07,4259.05,400,24043,23083,7.99,8.1,12191.96,1525.54,801711499
poecilia_reticulata,poecilia_reticulata,Animalia,Chordata,1,198868,1614.39,5181.09,434,22857,21878,8.2,8.61,13826.81,1570.51,731622281
pogona_vitticeps,pogona_vitticeps,Animalia,Chordata,30,265259,3811.29,10266.53,1427,19580,18462,8.03,19.82,32440.34,1585.59,1816116151
pongo_abelii,pongo_abelii,Animalia,Chordata,1,1064472,5493.38,18720.98,1503,20045,17831,8.64,27.56,53329.31,1671.28,3065052215
procavia_capensis,procavia_capensis,Animalia,Chordata,1,388070,2893.38,7531.59,703,16057,15291,12.24,21.21,37192.68,1692.97,2993339806
prolemur_simus,prolemur_simus,Animalia,Chordata,1,1022202,4542.01,15436.53,1304,20277,18054,8.06,22.65,41104.53,1542.15,2411593676
propithecus_coquereli,propithecus_coquereli,Animalia,Chordata,1,1191431,4842.18,17160.01,1210,17884,17326,8.9,27.66,44489.01,1632.43,2798152141
pseudonaja_textilis,pseudonaja_textilis,Animalia,Chordata,1,226618,3210.6,8826.02,1191,18400,17414,7.7,16.17,26107.54,1487.8,1590035073
pteropus_vampyrus,pteropus_vampyrus,Animalia,Chordata,1,464755,2959.52,10074.46,734,16990,16146,11.68,20.7,36383.57,1703.76,1999614463
pundamilia_nyererei,pundamilia_nyererei,Animalia,Chordata,1,195297,1512.22,4734.6,352,23473,22579,7.95,8.32,12490.42,1502.48,830133247
pygocentrus_nattereri,pygocentrus_nattereri,Animalia,Chordata,3,197859,2260.72,6354.38,827,26675,25197,7.98,11.49,19102,1558.74,1285352492
rattus_norvegicus,rattus_norvegicus,Animalia,Chordata,1,1014922,4524.77,17193.7,1252,23098,19186,7.66,20.24,41714.11,1647.67,2647915728
rhinolophus_ferrumequinum,rhinolophus_ferrumequinum,Animalia,Chordata,1,892596,4438.41,15880.13,1190,19452,17553,8.57,22.28,42144.29,1640.48,2075768562
rhinopithecus_bieti,rhinopithecus_bieti,Animalia,Chordata,1,1087937,4790.24,15280.98,1386,20824,19702,8.2,25.28,41527.92,1528.77,2977074946
rhinopithecus_roxellana,rhinopithecus_roxellana,Animalia,Chordata,1,1070727,4736.09,14799.18,1415,21132,19788,8.16,24.44,41248.35,1549.89,2899552139
saimiri_boliviensis,saimiri_boliviensis_boliviensis,Animalia,Chordata,1,1069013,5154.47,17937.78,1461,19290,18580,8.79,27.22,47065.47,1626.8,2608588537
salarias_fasciatus,salarias_fasciatus,Animalia,Chordata,30,199222,1375.14,5894.62,245,25125,23969,7.77,7.24,11203.22,1516.24,797490645
salmo_salar,salmo_salar,Animalia,Chordata,1,623817,2843.14,10385.05,417,47043,42834,8.24,14.69,25719.34,1751.59,2756584103
salvator_merianae,salvator_merianae,Animalia,Chordata,30,217883,4147.12,10983.47,1520,19338,18415,8.35,21.8,36372.4,1622.4,2026218827
sander_lucioperca,sander_lucioperca,Animalia,Chordata,30,195203,1690.32,5491.52,507,24470,23420,8.21,9.1,14497.99,1555.83,900477767
sarcophilus_harrisii,sarcophilus_harrisii,Animalia,Chordata,1,667301,5569.66,17169.23,1539,18998,16860,8.56,27.79,53697.67,1793.15,3086674442
sciurus_vulgaris,sciurus_vulgaris,Animalia,Chordata,1,1011684,4842.35,17561.31,1192,22379,19657,7.6,22.58,41888.81,1495.73,2878591032
scleropages_formosus,scleropages_formosus,Animalia,Chordata,30,199912,1455.5,5009.25,426,24103,23086,8.73,7.7,13261.41,1685.14,784546363
scophthalmus_maximus,scophthalmus_maximus,Animalia,Chordata,1,198027,1169.57,4387.82,305,21260,20382,9.13,6.16,11141.42,1718.66,556696898
serinus_canaria,serinus_canaria,Animalia,Chordata,30,197977,2578.05,7465.29,880,15225,14361,8.7,14.14,23774.92,1603.84,1152083301
seriola_dumerili,seriola_dumerili,Animalia,Chordata,3,197563,1392.41,4608.39,374,23241,22371,8.68,7.65,12560.16,1633.07,677686174
seriola_lalandi,seriola_lalandi_dorsalis,Animalia,Chordata,2,198920,1311.49,4243.23,362,24724,23428,7.93,6.96,10977.56,1515.61,732509836
sinocyclocheilus_anshuiensis,sinocyclocheilus_anshuiensis,Animalia,Chordata,30,199537,1679.58,5195.97,426,43661,41515,8,8.54,14134.56,1503.5,1632718266
sinocyclocheilus_grahami,sinocyclocheilus_grahami,Animalia,Chordata,30,199582,1733.08,5385.43,420,44325,41917,7.53,8.56,13800.17,1450.72,1750287761
sinocyclocheilus_rhinocerous,sinocyclocheilus_rhinocerous,Animalia,Chordata,30,199842,1623.26,5022.7,415,44847,42485,7.71,8.14,13215.4,1460.44,1655786410
sorex_araneus,sorex_araneus,Animalia,Chordata,1,458340,3596.98,11165.19,625,13187,12278,11.68,26.36,45110.14,1581.12,2944193050
sparus_aurata,sparus_aurata,Animalia,Chordata,1,199573,1758.11,6790.59,363,25156,23713,8.34,9.32,15556.63,1679.14,833578411
spermophilus_dauricus,spermophilus_dauricus,Animalia,Chordata,1,910378,4415.5,14494.44,1260,21010,18525,7.38,21.75,36981.97,1387.08,3106271744
sphaeramia_orbicularis,sphaeramia_orbicularis,Animalia,Chordata,30,198175,2393.69,8243.44,626,24553,23521,8.05,12.97,20118.72,1529.4,1342662642
sphenodon_punctatus,sphenodon_punctatus,Animalia,Chordata,1,365049,6983.27,16105.05,2042,17628,16733,7.67,38.52,56399.95,1401.72,4272214985
stegastes_partitus,stegastes_partitus,Animalia,Chordata,1,197430,1582.41,4612.6,463,23080,22326,8.24,9.08,13475.49,1539.7,800491834
strigops_habroptila,strigops_habroptila,Animalia,Chordata,1,199390,2780.61,8297.61,863,16037,15192,8.69,14.8,25519.1,1658.89,1165621973
strix_occidentalis,strix_occidentalis_caurina,Animalia,Chordata,1,195583,2669.99,7844.28,846,16814,15771,7.54,13.55,21459.16,1431.31,1255541132
struthio_camelus,struthio_camelus_australis,Animalia,Chordata,1,196681,3031.97,8431.9,1017,14297,13609,9.15,16.84,29131.32,1673.55,1225041896
suricata_suricatta,suricata_suricatta,Animalia,Chordata,1,991245,4743.3,16249.76,1250,19363,17746,8.44,24.01,43684.53,1618.18,2353578744
sus_scrofa,sus_scrofa,Animalia,Chordata,1,995700,4864.65,16889.08,1306,22040,18483,7.88,22.91,45724.8,1655.88,2501912388
taeniopygia_guttata,taeniopygia_guttata,Animalia,Chordata,1,318023,2743.1,8793.53,844,16619,15725,9.17,14.16,26582.51,1808.98,1057995280
takifugu_rubripes,takifugu_rubripes,Animalia,Chordata,1,199932,889.19,4591.69,160,21383,20386,8.4,4.8,7838.56,1632.98,384110215
tetraodon_nigroviridis,tetraodon_nigroviridis,Animalia,Chordata,1,631227,477.7,2888.36,118,19602,18812,9.52,3.17,4737.94,1517.29,358618246
theropithecus_gelada,theropithecus_gelada,Animalia,Chordata,1,1058525,5430.29,18638.51,1498,22360,19174,7.75,25.24,49072.87,1506.58,2889614139
tupaia_belangeri,tupaia_belangeri,Animalia,Chordata,1,809294,4410.85,15203.67,632,15471,14418,12.22,33.9,57860.25,1581.82,3670341392
tursiops_truncatus,tursiops_truncatus,Animalia,Chordata,1,547205,3709.66,12778.06,833,16550,15865,11.73,25.96,45382.19,1720.73,2521923936
urocitellus_parryii,urocitellus_parryii,Animalia,Chordata,1,952106,4590.56,15728.26,1274,19640,17602,8.28,23.33,42430.98,1585.01,2520505282
ursus_americanus,ursus_americanus,Animalia,Chordata,30,199027,3153.58,7717.11,1161,20542,18347,6.68,16.16,23578.53,1367.54,2588393916
ursus_maritimus,ursus_maritimus,Animalia,Chordata,30,199475,4100.57,10981.01,1328,18699,17213,8.04,21.9,35803.09,1502.27,2301379344
ursus_thibetanus,ursus_thibetanus_thibetanus,Animalia,Chordata,1,976638,4753.15,16164.19,1237,20126,17896,8.5,23.71,45430.05,1675.65,2373594928
varanus_komodoensis,varanus_komodoensis,Animalia,Chordata,1,285610,3328.94,9103.29,1221,18098,17181,8.16,16.95,28600.48,1564.15,1507945839
vicugna_pacos,vicugna_pacos,Animalia,Chordata,1,778219,4638.21,16426.82,1001,11765,11062,11.48,33.27,56617.88,1615.52,2967746133
vombatus_ursinus,vombatus_ursinus,Animalia,Chordata,1,1046836,5530.67,16056.97,1564,21198,19249,8.08,27.76,49214.31,1563.95,3486597218
vulpes_vulpes,vulpes_vulpes,Animalia,Chordata,30,199650,4448.33,12027.66,1336,20266,18380,7.97,21.78,39089.2,1591.55,2421551259
xenopus_tropicalis,xenopus_tropicalis,Animalia,Chordata,1,664609,3362.76,11076.37,1038,22102,18796,8.01,16.96,31656.25,1782.1,1451301209
xiphophorus_couchianus,xiphophorus_couchianus,Animalia,Chordata,1,196082,1466.5,4945.94,449,20549,19855,6.93,8.34,10523.39,1303.23,708396389
xiphophorus_maculatus,xiphophorus_maculatus,Animalia,Chordata,1,197809,1606.4,5304.43,452,23753,22692,8.41,8.45,14136.77,1642.35,704321165
zalophus_californianus,zalophus_californianus,Animalia,Chordata,1,975689,4960.91,17459.54,1248,20818,18481,8.08,23.27,45170.54,1585.89,2408641788
zonotrichia_albicollis,zonotrichia_albicollis,Animalia,Chordata,1,198454,2888.77,8377.33,948,13862,13356,9.06,16.03,27149.36,1666.02,1052600561
zosterops_lateralis,zosterops_lateralis_melanops,Animalia,Chordata,1,194404,2365.87,6918.76,813,14223,13557,8.64,12.93,21442.53,1569.03,1036003386
nanomia_septata,,Animalia,Cnidaria,,,,,,,,,1.887,,,1796533731
hydractinia_symbiolongicarpus,,Animalia,Cnidaria,,,,,,,,,2.73,,,"482,928,323"